series_id,station_id,instrument_id,variable,label,unit,depth_m,sensor_model,logger_port,aggregation,step_min,start,end,n_values,min,max,status,lat,lon,n_gaps_over_24h,qc_notes,source_files
AMF_ARA_RAIN,AMF_ARA,AMF_ARA_RAIN,rain,Pioggia – Amalfi – Pluviometro Arantec,mm,,,,sum,5.0,2024-04-02T11:30+01:00,2025-12-31T23:45+01:00,182280,0.0,13.3,active,40.65303852484501,14.567404247139883,1,Totali sistematicamente superiori ai pluviometri CF: 2024 (apr–dic) 1139 mm vs 729 (CF 21753) e 901 mm (CF 51667); 2025: 1583 vs 1160 e 1371 mm. Correlazione giornaliera comunque buona (r = 0.84–0.88). Verificare quota/taratura. | Inizio registrazioni 2024-04-02. La lacuna 12–15 apr 2024 coincide con quella dell'idrometro Arantec in S3.,Amalfi_Arantec_pluvio_2024.xlsx; Amalfi_Arantec_pluvio_2025.xlsx
AMF_S3_PSI_030,AMF_S3,AMF_S3_METER,psi,Potenziale matriciale 30 cm – Amalfi – Stazione S3,kPa,0.3,TEROS 21,6.0,mean,5.0,2023-11-09T12:45+01:00,2025-12-31T23:55+01:00,225338,-2864.1,-0.2,active,40.641976286697705,14.59616756640533,1,"2023-11-09 12:45–13:10: transitorio di installazione, valori fino a -2864 kPa da escludere.",Amalfi_Meter_S3_2023.xlsx; Amalfi_Meter_S3_2024.xlsx; Amalfi_Meter_S3_2025.xlsx
AMF_S3_PSI_060,AMF_S3,AMF_S3_METER,psi,Potenziale matriciale 60 cm – Amalfi – Stazione S3,kPa,0.6,TEROS 21,5.0,mean,5.0,2023-11-09T12:45+01:00,2025-12-31T23:55+01:00,225337,-158.4,-0.1,active,40.641976286697705,14.59616756640533,1,2023-11-09 12:45–13:00: transitorio di installazione.,Amalfi_Meter_S3_2023.xlsx; Amalfi_Meter_S3_2024.xlsx; Amalfi_Meter_S3_2025.xlsx
AMF_S3_STAGE,AMF_S3,AMF_S3_ARA_STAGE,stage,Livello idrometrico – Amalfi – Stazione S3,cm,,,,mean,15.0,2024-01-08T00:00+01:00,2025-12-30T22:15+01:00,54406,11.1,266.0,active,40.641976286697705,14.59616756640533,14,"Valore 266.0 cm ricorrente = probabile codice di errore/fondo scala (es. 2024-02-09 11:10). | 2024-05-28 dalle 14:00: valori anomali (~134–209 cm), probabile intervento/manutenzione. | Passo nominale 15 min ma con registrazioni irregolari (es. 5 min, minuti non allineati).",Amalfi_Arantec_S3stream_water_level_2024.xlsx; Amalfi_Arantec_S3stream_water_level_2025.xlsx
AMF_S3_TSOIL_030,AMF_S3,AMF_S3_METER,t_soil,Temperatura del suolo 30 cm – Amalfi – Stazione S3,°C,0.3,TEROS 21,6.0,mean,5.0,2023-11-09T12:45+01:00,2025-12-31T23:55+01:00,225338,8.7,28.1,active,40.641976286697705,14.59616756640533,1,,Amalfi_Meter_S3_2023.xlsx; Amalfi_Meter_S3_2024.xlsx; Amalfi_Meter_S3_2025.xlsx
AMF_S3_TSOIL_060,AMF_S3,AMF_S3_METER,t_soil,Temperatura del suolo 60 cm – Amalfi – Stazione S3,°C,0.6,TEROS 21,5.0,mean,5.0,2023-11-09T12:45+01:00,2025-12-31T23:55+01:00,225337,9.1,27.1,active,40.641976286697705,14.59616756640533,1,,Amalfi_Meter_S3_2023.xlsx; Amalfi_Meter_S3_2024.xlsx; Amalfi_Meter_S3_2025.xlsx
AMF_S3_VWC_015,AMF_S3,AMF_S3_METER,vwc,Contenuto d'acqua volumetrico 15 cm – Amalfi – Stazione S3,m3/m3,0.15,TEROS 10,4.0,mean,5.0,2023-11-09T12:45+01:00,2025-12-31T23:55+01:00,225337,0.044,0.386,active,40.641976286697705,14.59616756640533,1,,Amalfi_Meter_S3_2023.xlsx; Amalfi_Meter_S3_2024.xlsx; Amalfi_Meter_S3_2025.xlsx
AMF_S3_VWC_030,AMF_S3,AMF_S3_METER,vwc,Contenuto d'acqua volumetrico 30 cm – Amalfi – Stazione S3,m3/m3,0.3,TEROS 10,3.0,mean,5.0,2023-11-09T12:45+01:00,2025-12-31T23:55+01:00,225338,0.056,0.327,active,40.641976286697705,14.59616756640533,1,,Amalfi_Meter_S3_2023.xlsx; Amalfi_Meter_S3_2024.xlsx; Amalfi_Meter_S3_2025.xlsx
AMF_S3_VWC_045,AMF_S3,AMF_S3_METER,vwc,Contenuto d'acqua volumetrico 45 cm – Amalfi – Stazione S3,m3/m3,0.45,TEROS 10,2.0,mean,5.0,2023-11-09T12:45+01:00,2025-12-31T23:55+01:00,225336,0.089,0.381,active,40.641976286697705,14.59616756640533,1,,Amalfi_Meter_S3_2023.xlsx; Amalfi_Meter_S3_2024.xlsx; Amalfi_Meter_S3_2025.xlsx
AMF_S3_VWC_060,AMF_S3,AMF_S3_METER,vwc,Contenuto d'acqua volumetrico 60 cm – Amalfi – Stazione S3,m3/m3,0.6,TEROS 10,1.0,mean,5.0,2023-11-09T12:45+01:00,2025-12-31T23:55+01:00,225337,0.072,0.309,active,40.641976286697705,14.59616756640533,1,,Amalfi_Meter_S3_2023.xlsx; Amalfi_Meter_S3_2024.xlsx; Amalfi_Meter_S3_2025.xlsx
CF_21753_RAIN,CF_21753,CF_21753_RAIN,rain,Pioggia – Amalfi (CF 21753),mm,,,,sum,10.0,2024-01-01T00:20+01:00,2025-12-31T23:50+01:00,100581,0.0,16.8,active,,,4,"Lacune 2024 (incl. 10 giu–4 lug, 562 h) identiche a quelle di CF 51667: probabile interruzione della rete/fornitura dati.",AMALFI_PLUVIOMETRO_CF_2024.xlsx; AMALFI_PLUVIOMETRO_CF_2025.xlsx
CF_51667_RAIN,CF_51667,CF_51667_RAIN,rain,Pioggia – Amalfi-Pogerola (CF 51667),mm,,,,sum,10.0,2024-01-01T00:20+01:00,2025-12-31T23:50+01:00,100651,0.0,21.6,active,,,4,"Lacune 2024 (incl. 10 giu–4 lug, 562 h) identiche a quelle di CF 21753. | Alcuni timestamp con millisecondi spuri (es. 23:50:00.004): arrotondati al minuto.",AMALFI-POGEROLA_PLUVIOMETRO_CF_2024.xlsx; AMALFI-POGEROLA_PLUVIOMETRO_CF_2025.xlsx
