time,value,min,max,n,coverage
2025-02-21 00:00,38.98,36.7,41.5,552,0.383
2025-02-22 00:00,39.22,38.8,39.8,1437,0.998
2025-02-23 00:00,39.52,39.2,40.1,1421,0.987
2025-02-24 00:00,39.75,39.4,40.3,1421,0.987
2025-02-25 00:00,39.51,39.1,40.1,1075,0.747
2025-02-26 00:00,49.55,39.5,61.3,1225,0.851
2025-02-27 00:00,51.75,48.8,58.4,1384,0.961
2025-02-28 00:00,48.04,47.1,49.3,1439,0.999
2025-03-01 00:00,46.82,46.2,47.7,1437,0.998
2025-03-02 00:00,46.12,45.6,46.7,1420,0.986
2025-03-03 00:00,45.64,45.2,46.2,1438,0.999
2025-03-04 00:00,45.25,44.8,45.9,1420,0.986
2025-03-05 00:00,44.93,44.5,45.4,1437,0.998
2025-03-06 00:00,44.65,44.3,45.2,1434,0.996
2025-03-07 00:00,44.38,44.0,45.1,1415,0.983
2025-03-08 00:00,44.04,43.6,44.6,1389,0.965
2025-03-09 00:00,43.68,43.3,44.2,1438,0.999
2025-03-10 00:00,43.21,42.7,43.9,1423,0.988
2025-03-11 00:00,42.64,42.3,43.3,1408,0.978
2025-03-12 00:00,42.56,42.2,43.1,1403,0.974
2025-03-13 00:00,42.26,41.9,42.8,1407,0.977
2025-03-14 00:00,42.25,41.9,42.7,1427,0.991
2025-03-15 00:00,42.33,42.0,42.8,1434,0.996
2025-03-16 00:00,42.13,41.8,42.5,821,0.57
2025-03-17 00:00,41.93,41.6,42.4,1425,0.99
2025-03-18 00:00,41.85,41.6,42.3,1398,0.971
2025-03-19 00:00,41.7,41.3,42.4,1368,0.95
2025-03-20 00:00,41.41,41.0,42.1,1438,0.999
2025-03-21 00:00,41.17,40.8,41.7,1436,0.997
2025-03-22 00:00,40.95,40.6,41.4,1339,0.93
2025-03-23 00:00,40.52,40.1,41.1,1435,0.997
2025-03-24 00:00,40.35,40.0,40.8,1428,0.992
2025-03-25 00:00,40.18,39.9,40.6,1354,0.94
2025-03-26 00:00,39.96,39.6,40.5,1433,0.995
2025-03-27 00:00,39.77,39.2,41.6,1414,0.982
2025-03-28 00:00,43.61,41.2,44.5,1439,0.999
2025-03-29 00:00,44.36,43.6,47.2,1422,0.988
2025-03-30 00:00,46.69,45.5,47.9,1438,0.999
2025-03-31 00:00,45.34,44.8,46.2,1414,0.982
2025-04-01 00:00,44.56,43.9,45.3,1439,0.999
2025-04-02 00:00,43.78,43.2,44.5,1437,0.998
2025-04-03 00:00,43.19,42.7,43.9,1427,0.991
2025-04-04 00:00,42.7,42.2,43.3,1439,0.999
2025-04-05 00:00,42.21,41.8,43.0,1406,0.976
2025-04-06 00:00,41.75,41.3,42.3,1440,1.0
2025-04-07 00:00,41.33,40.9,41.8,1398,0.971
2025-04-08 00:00,40.98,40.5,41.5,1437,0.998
2025-04-09 00:00,40.61,40.2,41.3,1429,0.992
2025-04-10 00:00,40.3,39.9,40.9,1421,0.987
2025-04-11 00:00,40.03,39.0,41.3,1436,0.997
2025-04-12 00:00,39.83,39.5,40.3,1409,0.978
2025-04-13 00:00,39.67,39.3,40.3,1437,0.998
2025-04-14 00:00,39.38,38.7,40.0,1407,0.977
2025-04-15 00:00,38.74,38.4,39.2,1436,0.997
2025-04-16 00:00,38.96,38.6,39.6,1415,0.983
2025-04-17 00:00,38.87,38.6,39.5,1434,0.996
2025-04-18 00:00,38.86,38.4,39.3,1390,0.965
2025-04-19 00:00,38.9,38.6,39.4,1438,0.999
2025-04-20 00:00,38.85,38.6,39.3,457,0.317
2025-04-22 00:00,38.45,38.1,38.9,859,0.597
2025-04-23 00:00,38.25,37.8,38.8,1436,0.997
2025-04-24 00:00,38.08,37.7,38.7,1413,0.981
2025-04-25 00:00,38.48,37.9,39.0,1434,0.996
2025-04-26 00:00,38.66,38.4,39.1,1438,0.999
2025-04-27 00:00,38.61,38.4,39.0,1403,0.974
2025-04-28 00:00,38.57,38.3,39.1,1419,0.985
2025-04-29 00:00,38.48,38.2,39.0,1405,0.976
2025-04-30 00:00,38.16,37.3,38.9,1413,0.981
2025-05-01 00:00,37.48,37.2,38.1,1420,0.986
2025-05-02 00:00,37.32,37.0,37.8,1417,0.984
2025-05-03 00:00,37.18,36.9,37.6,1413,0.981
2025-05-04 00:00,37.1,36.8,37.6,1435,0.997
2025-05-05 00:00,36.83,36.4,37.4,1381,0.959
2025-05-06 00:00,36.61,36.3,37.1,1430,0.993
2025-05-07 00:00,36.36,36.0,36.9,1374,0.954
2025-05-08 00:00,36.18,35.8,36.7,1405,0.976
2025-05-09 00:00,35.89,35.5,36.6,1430,0.993
2025-05-10 00:00,35.59,35.2,36.2,1339,0.93
2025-05-11 00:00,35.05,34.4,36.0,1342,0.932
2025-05-12 00:00,34.71,34.4,35.2,1388,0.964
2025-05-13 00:00,34.48,33.9,35.1,1358,0.943
2025-05-14 00:00,34.19,33.9,34.7,1422,0.988
2025-05-15 00:00,33.75,33.1,34.5,1410,0.979
2025-05-16 00:00,33.57,33.2,34.1,1358,0.943
2025-05-17 00:00,33.73,33.4,34.3,1313,0.912
2025-05-18 00:00,32.85,32.1,34.2,1025,0.712
2025-05-19 00:00,32.45,31.9,32.9,1108,0.769
2025-05-20 00:00,32.67,32.1,33.6,1212,0.842
2025-05-21 00:00,32.34,31.7,33.0,1237,0.859
2025-05-22 00:00,31.92,31.6,32.4,1392,0.967
2025-05-23 00:00,31.79,31.5,32.3,1285,0.892
2025-05-24 00:00,31.72,31.4,32.2,1132,0.786
2025-05-25 00:00,31.85,31.5,32.2,1379,0.958
2025-05-26 00:00,31.65,31.3,32.2,1273,0.884
2025-05-27 00:00,31.35,31.0,31.9,1128,0.783
2025-05-28 00:00,31.05,30.7,31.6,1406,0.976
2025-05-29 00:00,30.72,30.4,31.3,1414,0.982
2025-05-30 00:00,30.33,29.9,31.0,1297,0.901
2025-05-31 00:00,29.74,29.4,30.3,986,0.685
2025-06-01 00:00,29.28,29.0,30.0,889,0.617
2025-06-02 00:00,28.88,28.4,29.5,1429,0.992
2025-06-03 00:00,28.36,27.9,28.9,1438,0.999
2025-06-04 00:00,27.83,27.3,28.5,1439,0.999
2025-06-05 00:00,27.21,26.7,27.8,1421,0.987
2025-06-06 00:00,26.55,26.0,27.2,1428,0.992
2025-06-07 00:00,25.85,25.3,26.5,1437,0.998
2025-06-08 00:00,25.13,24.6,25.8,1432,0.994
2025-06-09 00:00,24.45,24.0,25.1,1196,0.831
2025-06-10 00:00,23.84,23.3,24.5,1410,0.979
2025-06-11 00:00,23.18,22.6,23.7,1440,1.0
2025-06-12 00:00,22.49,21.9,23.2,1426,0.99
2025-06-13 00:00,21.79,21.4,22.4,1100,0.764
2025-06-14 00:00,21.25,20.7,21.9,1347,0.935
2025-06-15 00:00,20.63,20.0,21.2,1437,0.998
2025-06-16 00:00,19.86,19.3,20.5,1383,0.96
2025-06-17 00:00,19.08,18.4,19.8,1435,0.997
2025-06-18 00:00,18.54,18.2,18.9,1336,0.928
2025-06-19 00:00,18.11,17.5,18.8,1391,0.966
2025-06-20 00:00,17.3,16.7,17.9,1420,0.986
2025-06-21 00:00,16.44,15.8,17.2,1408,0.978
2025-06-22 00:00,15.43,14.8,16.1,1439,0.999
2025-06-23 00:00,14.52,13.9,15.2,1388,0.964
2025-06-24 00:00,13.65,13.0,14.4,1422,0.988
2025-06-25 00:00,12.75,12.2,13.4,1425,0.99
2025-06-26 00:00,11.57,3.4,12.6,1436,0.997
2025-06-27 00:00,6.2,0.3,11.7,1438,0.999
2025-06-28 00:00,7.5,0.4,10.9,1436,0.997
2025-06-29 00:00,3.92,3.4,9.9,1414,0.982
2025-06-30 00:00,3.93,3.5,9.0,1414,0.982
2025-07-01 00:00,3.93,3.5,8.7,1018,0.707
2025-07-02 00:00,3.86,3.6,4.4,1438,0.999
2025-07-03 00:00,5.16,0.4,8.2,1420,0.986
2025-07-04 00:00,5.37,0.4,8.1,1439,0.999
2025-07-05 00:00,4.91,0.3,7.9,1107,0.769
2025-07-06 00:00,6.11,3.4,7.4,1105,0.767
2025-07-07 00:00,6.68,6.3,7.0,1440,1.0
2025-07-08 00:00,6.74,6.6,7.2,1418,0.985
2025-07-09 00:00,6.58,6.4,6.9,1440,1.0
2025-07-10 00:00,6.27,5.8,6.6,1377,0.956
2025-07-11 00:00,5.64,5.2,6.1,1437,0.998
2025-07-12 00:00,4.99,4.6,5.5,1411,0.98
2025-07-13 00:00,4.66,4.4,5.0,1377,0.956
2025-07-14 00:00,4.38,4.0,4.9,1437,0.998
2025-07-15 00:00,3.8,3.3,4.6,1438,0.999
2025-07-16 00:00,2.96,2.5,3.5,1079,0.749
2025-07-17 00:00,2.32,1.9,3.0,1440,1.0
2025-07-18 00:00,1.55,1.0,2.3,1406,0.976
2025-07-19 00:00,0.84,0.4,1.6,1435,0.997
2025-07-20 00:00,0.45,0.3,1.1,1415,0.983
2025-07-21 00:00,0.45,0.3,0.9,1434,0.996
2025-07-22 00:00,0.47,0.3,0.9,1436,0.997
2025-07-23 00:00,0.44,0.3,0.8,1393,0.967
2025-07-24 00:00,0.44,0.3,1.0,1437,0.998
2025-07-25 00:00,0.41,0.3,0.8,1440,1.0
2025-07-26 00:00,0.4,0.3,0.7,1399,0.972
2025-07-27 00:00,0.41,0.3,0.9,1430,0.993
2025-07-28 00:00,0.38,0.3,0.7,1437,0.998
2025-07-29 00:00,0.39,0.3,0.5,18,0.012
2025-08-09 00:00,0.38,0.3,0.6,824,0.572
2025-08-10 00:00,0.39,0.3,0.8,1432,0.994
2025-08-11 00:00,0.38,0.3,0.7,1315,0.913
2025-08-12 00:00,0.38,0.3,0.6,1336,0.928
2025-08-13 00:00,0.38,0.2,0.7,1422,0.988
2025-08-14 00:00,0.38,0.3,0.8,1339,0.93
2025-08-15 00:00,0.38,0.3,0.6,1380,0.958
2025-08-16 00:00,0.39,0.3,0.8,505,0.351
2025-08-18 00:00,0.38,0.2,0.6,865,0.601
2025-08-19 00:00,0.38,0.3,0.7,1440,1.0
2025-08-20 00:00,0.39,0.3,0.8,1405,0.976
2025-08-21 00:00,0.38,0.2,0.8,1435,0.997
2025-08-22 00:00,0.43,0.2,8.6,1416,0.983
2025-08-23 00:00,0.37,0.2,0.6,1420,0.986
2025-08-24 00:00,0.38,0.2,0.7,1433,0.995
2025-08-25 00:00,0.38,0.3,0.7,1368,0.95
2025-08-26 00:00,0.38,0.2,0.7,1436,0.997
2025-08-27 00:00,0.38,0.3,0.7,1406,0.976
2025-08-28 00:00,0.39,0.2,0.7,1426,0.99
2025-08-29 00:00,0.39,0.2,0.9,1421,0.987
2025-08-30 00:00,0.39,0.2,0.9,936,0.65
2025-08-31 00:00,0.39,0.2,0.7,1351,0.938
2025-09-01 00:00,0.41,0.2,0.8,1376,0.956
2025-09-02 00:00,0.4,0.3,0.8,1406,0.976
2025-09-03 00:00,0.38,0.2,0.7,1371,0.952
2025-09-04 00:00,0.4,0.2,0.8,1433,0.995
2025-09-05 00:00,0.38,0.3,0.7,1416,0.983
2025-09-06 00:00,0.4,0.2,0.8,1408,0.978
2025-09-07 00:00,0.38,0.2,0.7,1410,0.979
2025-09-08 00:00,0.38,0.3,0.7,1321,0.917
2025-09-09 00:00,0.38,0.3,0.6,938,0.651
2025-09-10 00:00,0.37,0.3,0.7,933,0.648
2025-09-11 00:00,0.37,0.2,0.7,887,0.616
2025-09-12 00:00,0.39,0.2,0.7,1180,0.819
2025-09-13 00:00,0.38,0.2,0.8,1375,0.955
2025-09-14 00:00,0.37,0.2,0.8,1335,0.927
2025-09-15 00:00,0.37,0.2,0.8,1153,0.801
2025-09-16 00:00,0.37,0.2,0.8,1428,0.992
2025-09-17 00:00,0.38,0.2,0.6,1407,0.977
2025-09-18 00:00,0.38,0.2,0.7,1313,0.912
2025-09-19 00:00,0.38,0.2,0.8,1126,0.782
2025-09-20 00:00,0.38,0.2,0.7,1282,0.89
2025-09-21 00:00,0.38,0.3,0.8,1074,0.746
2025-09-22 00:00,0.37,0.2,0.8,1267,0.88
2025-09-23 00:00,0.37,0.2,0.8,1161,0.806
2025-09-24 00:00,0.37,0.2,0.7,763,0.53
2025-09-25 00:00,0.37,0.2,0.7,801,0.556
2025-09-26 00:00,0.37,0.2,0.6,140,0.097
2025-09-27 00:00,0.37,0.2,0.5,179,0.124
2025-09-28 00:00,0.37,0.2,0.7,713,0.495
2025-09-29 00:00,0.37,0.2,0.7,1429,0.992
2025-09-30 00:00,0.37,0.2,0.6,1396,0.969
2025-10-01 00:00,0.37,0.2,0.6,1288,0.894
2025-10-02 00:00,0.37,0.2,0.6,1393,0.967
2025-10-03 00:00,0.36,0.2,0.6,1435,0.997
2025-10-04 00:00,0.36,0.2,0.8,1399,0.972
2025-10-05 00:00,0.36,0.2,0.7,1440,1.0
2025-10-06 00:00,0.36,0.2,0.7,1421,0.987
2025-10-07 00:00,0.36,0.2,0.6,1440,1.0
2025-10-08 00:00,0.36,0.2,0.8,1439,0.999
2025-10-09 00:00,0.36,0.2,0.6,1414,0.982
2025-10-10 00:00,0.37,0.2,0.7,1440,1.0
2025-10-11 00:00,0.36,0.2,0.8,1425,0.99
2025-10-12 00:00,0.36,0.2,0.8,1407,0.977
2025-10-13 00:00,0.36,0.2,0.8,1437,0.998
2025-10-14 00:00,0.37,0.2,0.7,1438,0.999
2025-10-15 00:00,0.36,0.2,0.7,1424,0.989
2025-10-16 00:00,0.36,0.2,0.6,1421,0.987
2025-10-17 00:00,0.38,0.2,0.8,1436,0.997
2025-10-18 00:00,0.39,0.3,0.7,1440,1.0
2025-10-19 00:00,0.39,0.2,0.7,1416,0.983
2025-10-20 00:00,0.39,0.2,0.7,1440,1.0
2025-10-21 00:00,5.69,0.2,16.0,1383,0.96
2025-10-22 00:00,6.69,5.9,7.7,398,0.276
2025-10-24 00:00,8.89,8.0,10.2,810,0.562
2025-10-25 00:00,7.54,6.7,20.6,1439,0.999
2025-10-26 00:00,17.11,13.4,24.3,1415,0.983
2025-10-27 00:00,12.25,11.4,13.7,1436,0.997
2025-10-28 00:00,11.59,11.0,12.2,1421,0.987
2025-10-29 00:00,10.7,10.2,11.3,1437,0.998
2025-10-30 00:00,10.09,9.8,10.4,1439,0.999
2025-10-31 00:00,9.89,9.7,10.1,366,0.254
2025-11-03 00:00,9.77,9.6,10.1,185,0.128
2025-11-04 00:00,9.55,9.2,10.1,1380,0.958
2025-11-05 00:00,9.46,9.2,10.0,1399,0.972
2025-11-06 00:00,9.63,9.3,9.9,1438,0.999
2025-11-07 00:00,10.08,9.5,11.1,1439,0.999
2025-11-08 00:00,11.89,10.9,22.8,1378,0.957
2025-11-09 00:00,18.72,16.6,22.4,1392,0.967
2025-11-10 00:00,15.8,15.1,16.8,1436,0.997
2025-11-11 00:00,15.02,14.7,15.3,1439,0.999
2025-11-12 00:00,14.71,14.0,15.3,1381,0.959
2025-11-13 00:00,14.4,14.1,14.8,1440,1.0
2025-11-14 00:00,13.95,13.4,14.4,1420,0.986
2025-11-15 00:00,13.38,12.5,13.9,1381,0.959
2025-11-16 00:00,12.86,12.5,13.2,1418,0.985
2025-11-17 00:00,12.7,12.4,13.1,1429,0.992
2025-11-18 00:00,19.46,12.3,28.3,1423,0.988
2025-11-19 00:00,21.79,20.5,23.1,1399,0.972
2025-11-20 00:00,20.79,19.6,23.8,1416,0.983
2025-11-21 00:00,24.77,23.1,26.5,1412,0.981
2025-11-22 00:00,24.83,23.8,25.8,1035,0.719
2025-11-23 00:00,21.78,20.6,24.0,1404,0.975
2025-11-24 00:00,24.52,20.5,30.9,1438,0.999
2025-11-25 00:00,28.36,26.2,31.8,1399,0.972
2025-11-26 00:00,26.24,24.8,29.1,1440,1.0
2025-11-27 00:00,24.47,22.7,27.0,1437,0.998
2025-11-28 00:00,21.91,21.1,22.9,1418,0.985
2025-11-29 00:00,20.62,19.8,21.4,1412,0.981
2025-11-30 00:00,19.79,19.5,20.1,1439,0.999
2025-12-01 00:00,19.57,19.3,19.9,1421,0.987
2025-12-02 00:00,24.87,19.6,30.0,1434,0.996
2025-12-03 00:00,25.88,23.9,28.7,1413,0.981
2025-12-04 00:00,23.13,22.4,24.4,1432,0.994
2025-12-05 00:00,24.19,22.5,25.3,891,0.619
2025-12-06 00:00,22.78,22.1,23.8,1437,0.998
2025-12-07 00:00,21.69,21.1,22.5,1429,0.992
2025-12-08 00:00,21.07,20.7,21.5,1433,0.995
2025-12-09 00:00,20.71,20.4,21.1,1399,0.972
2025-12-10 00:00,20.38,20.1,20.8,1440,1.0
2025-12-11 00:00,20.06,19.8,20.3,1408,0.978
2025-12-12 00:00,19.65,19.2,20.1,1373,0.953
2025-12-13 00:00,19.43,19.2,19.9,1436,0.997
2025-12-14 00:00,19.23,19.0,19.5,1400,0.972
2025-12-15 00:00,19.22,19.0,19.6,1439,0.999
2025-12-16 00:00,19.2,19.0,19.6,1413,0.981
2025-12-17 00:00,21.21,19.0,23.5,1433,0.995
2025-12-18 00:00,22.22,21.6,23.0,1424,0.989
2025-12-19 00:00,21.34,20.9,21.8,1436,0.997
2025-12-20 00:00,20.95,20.7,21.3,1437,0.998
2025-12-21 00:00,20.72,20.4,21.2,1422,0.988
2025-12-22 00:00,20.48,20.2,20.7,1437,0.998
2025-12-23 00:00,22.62,20.0,30.7,1419,0.985
2025-12-24 00:00,31.12,29.5,33.8,1437,0.998
2025-12-25 00:00,27.88,26.3,29.8,1402,0.974
2025-12-26 00:00,25.55,24.8,26.5,1402,0.974
2025-12-27 00:00,24.54,24.0,25.2,1438,0.999
2025-12-28 00:00,23.79,23.3,24.3,1422,0.988
2025-12-29 00:00,23.26,23.0,23.6,1440,1.0
2025-12-30 00:00,22.98,22.6,23.3,1420,0.986
2025-12-31 00:00,22.57,22.2,23.0,1418,0.985
2026-01-01 00:00,22.5,22.5,22.5,1,0.001
