time,value,max,n,coverage,flag
2024-04-02 00:00,0.0,0.0,146,0.507,1
2024-04-03 00:00,0.0,0.0,288,1.0,1
2024-04-04 00:00,0.0,0.0,288,1.0,0
2024-04-05 00:00,0.0,0.0,288,1.0,0
2024-04-06 00:00,0.0,0.0,288,1.0,0
2024-04-07 00:00,0.0,0.0,288,1.0,0
2024-04-08 00:00,0.0,0.0,252,0.875,1
2024-04-09 00:00,0.0,0.0,252,0.875,1
2024-04-10 00:00,2.1,2.1,240,0.833,1
2024-04-11 00:00,0.0,2.1,264,0.917,1
2024-04-12 00:00,0.0,0.0,116,0.403,1
2024-04-15 00:00,0.0,0.0,158,0.549,1
2024-04-16 00:00,26.4,26.4,288,1.0,1
2024-04-17 00:00,5.3,31.7,276,0.958,0
2024-04-18 00:00,1.7,5.3,264,0.917,1
2024-04-19 00:00,14.0,15.7,288,1.0,1
2024-04-20 00:00,0.6,14.0,276,0.958,0
2024-04-21 00:00,0.1,0.7,288,1.0,0
2024-04-22 00:00,0.0,0.1,252,0.875,1
2024-04-23 00:00,0.0,0.0,288,1.0,1
2024-04-24 00:00,12.3,12.3,288,1.0,0
2024-04-25 00:00,4.6,12.3,276,0.958,0
2024-04-26 00:00,8.2,10.1,288,1.0,0
2024-04-27 00:00,0.0,8.2,288,1.0,0
2024-04-28 00:00,0.0,0.0,288,1.0,0
2024-04-29 00:00,0.0,0.0,288,1.0,0
2024-04-30 00:00,0.0,0.0,288,1.0,0
2024-05-01 00:00,1.5,1.5,288,1.0,0
2024-05-02 00:00,20.2,20.2,288,1.0,0
2024-05-03 00:00,6.4,20.3,288,1.0,0
2024-05-04 00:00,0.0,6.4,288,1.0,0
2024-05-05 00:00,0.0,0.0,288,1.0,0
2024-05-06 00:00,0.0,0.0,288,1.0,0
2024-05-07 00:00,0.0,0.0,288,1.0,0
2024-05-08 00:00,6.0,6.0,288,1.0,0
2024-05-09 00:00,0.9,6.0,288,1.0,0
2024-05-10 00:00,0.0,0.9,288,1.0,0
2024-05-11 00:00,0.0,0.0,288,1.0,0
2024-05-12 00:00,0.0,0.0,288,1.0,0
2024-05-13 00:00,0.0,0.0,288,1.0,0
2024-05-14 00:00,0.0,0.0,288,1.0,0
2024-05-15 00:00,0.2,0.2,288,1.0,0
2024-05-16 00:00,0.0,0.2,288,1.0,0
2024-05-17 00:00,0.0,0.0,288,1.0,0
2024-05-18 00:00,17.1,17.1,288,1.0,0
2024-05-19 00:00,0.1,17.2,288,1.0,0
2024-05-20 00:00,0.0,0.1,288,1.0,0
2024-05-21 00:00,1.2,1.2,288,1.0,0
2024-05-22 00:00,6.2,7.4,288,1.0,0
2024-05-23 00:00,0.0,6.2,288,1.0,0
2024-05-24 00:00,0.0,0.0,288,1.0,0
2024-05-25 00:00,3.4,3.4,288,1.0,0
2024-05-26 00:00,0.0,3.4,288,1.0,0
2024-05-27 00:00,0.0,0.0,288,1.0,0
2024-05-28 00:00,0.0,0.0,288,1.0,0
2024-05-29 00:00,0.0,0.0,288,1.0,0
2024-05-30 00:00,0.0,0.0,288,1.0,0
2024-05-31 00:00,7.4,7.4,288,1.0,0
2024-06-01 00:00,1.1,7.8,288,1.0,0
2024-06-02 00:00,0.5,1.1,288,1.0,0
2024-06-03 00:00,0.0,0.5,288,1.0,0
2024-06-04 00:00,0.0,0.0,288,1.0,0
2024-06-05 00:00,0.2,0.2,288,1.0,0
2024-06-06 00:00,0.0,0.2,288,1.0,0
2024-06-07 00:00,0.0,0.0,288,1.0,0
2024-06-08 00:00,0.0,0.0,288,1.0,0
2024-06-09 00:00,0.0,0.0,288,1.0,0
2024-06-10 00:00,0.0,0.0,288,1.0,0
2024-06-11 00:00,0.0,0.0,287,0.997,0
2024-06-12 00:00,0.0,0.0,288,1.0,0
2024-06-13 00:00,0.0,0.0,288,1.0,0
2024-06-14 00:00,0.0,0.0,288,1.0,0
2024-06-15 00:00,0.0,0.0,288,1.0,0
2024-06-16 00:00,0.0,0.0,288,1.0,0
2024-06-17 00:00,0.0,0.0,288,1.0,0
2024-06-18 00:00,0.0,0.0,288,1.0,0
2024-06-19 00:00,0.0,0.0,288,1.0,0
2024-06-20 00:00,0.0,0.0,288,1.0,0
2024-06-21 00:00,0.0,0.0,288,1.0,0
2024-06-22 00:00,0.0,0.0,288,1.0,0
2024-06-23 00:00,0.0,0.0,288,1.0,0
2024-06-24 00:00,0.0,0.0,288,1.0,0
2024-06-25 00:00,11.9,11.9,288,1.0,0
2024-06-26 00:00,0.0,11.9,288,1.0,0
2024-06-27 00:00,0.0,0.0,288,1.0,0
2024-06-28 00:00,0.0,0.0,288,1.0,0
2024-06-29 00:00,0.0,0.0,288,1.0,0
2024-06-30 00:00,0.0,0.0,288,1.0,0
2024-07-01 00:00,0.0,0.0,288,1.0,0
2024-07-02 00:00,0.9,0.9,288,1.0,0
2024-07-03 00:00,19.7,19.7,276,0.958,0
2024-07-04 00:00,0.1,19.8,288,1.0,0
2024-07-05 00:00,0.0,0.1,288,1.0,0
2024-07-06 00:00,0.0,0.0,276,0.958,0
2024-07-07 00:00,0.0,0.0,276,0.958,1
2024-07-08 00:00,0.0,0.0,288,1.0,0
2024-07-09 00:00,0.0,0.0,288,1.0,0
2024-07-10 00:00,0.0,0.0,288,1.0,0
2024-07-11 00:00,0.0,0.0,288,1.0,0
2024-07-12 00:00,0.0,0.0,288,1.0,0
2024-07-13 00:00,0.0,0.0,288,1.0,0
2024-07-14 00:00,0.0,0.0,276,0.958,0
2024-07-15 00:00,0.0,0.0,288,1.0,0
2024-07-16 00:00,0.0,0.0,288,1.0,0
2024-07-17 00:00,0.0,0.0,288,1.0,0
2024-07-18 00:00,0.0,0.0,288,1.0,0
2024-07-19 00:00,0.0,0.0,276,0.958,0
2024-07-20 00:00,0.0,0.0,288,1.0,0
2024-07-21 00:00,0.0,0.0,276,0.958,0
2024-07-22 00:00,19.0,19.0,276,0.958,0
2024-07-23 00:00,0.0,19.0,288,1.0,0
2024-07-24 00:00,0.0,0.0,288,1.0,0
2024-07-25 00:00,0.0,0.0,288,1.0,0
2024-07-26 00:00,0.0,0.0,288,1.0,0
2024-07-27 00:00,0.0,0.0,288,1.0,0
2024-07-28 00:00,0.0,0.0,288,1.0,0
2024-07-29 00:00,0.0,0.0,288,1.0,0
2024-07-30 00:00,0.0,0.0,288,1.0,0
2024-07-31 00:00,0.0,0.0,288,1.0,0
2024-08-01 00:00,0.0,0.0,288,1.0,0
2024-08-02 00:00,0.0,0.0,288,1.0,0
2024-08-03 00:00,0.0,0.0,288,1.0,0
2024-08-04 00:00,0.0,0.0,288,1.0,0
2024-08-05 00:00,0.0,0.0,288,1.0,0
2024-08-06 00:00,0.0,0.0,288,1.0,0
2024-08-07 00:00,0.0,0.0,276,0.958,0
2024-08-08 00:00,0.0,0.0,288,1.0,0
2024-08-09 00:00,0.0,0.0,276,0.958,0
2024-08-10 00:00,0.0,0.0,288,1.0,0
2024-08-11 00:00,0.0,0.0,288,1.0,0
2024-08-12 00:00,0.0,0.0,288,1.0,0
2024-08-13 00:00,0.0,0.0,288,1.0,0
2024-08-14 00:00,0.0,0.0,276,0.958,0
2024-08-15 00:00,0.0,0.0,288,1.0,0
2024-08-16 00:00,0.0,0.0,276,0.958,0
2024-08-17 00:00,0.0,0.0,288,1.0,0
2024-08-18 00:00,19.8,19.8,288,1.0,0
2024-08-19 00:00,0.5,20.2,288,1.0,0
2024-08-20 00:00,0.5,0.5,288,1.0,0
2024-08-21 00:00,0.0,0.5,288,1.0,0
2024-08-22 00:00,0.0,0.0,288,1.0,0
2024-08-23 00:00,0.0,0.0,288,1.0,0
2024-08-24 00:00,0.0,0.0,288,1.0,0
2024-08-25 00:00,0.0,0.0,288,1.0,0
2024-08-26 00:00,0.0,0.0,288,1.0,0
2024-08-27 00:00,0.0,0.0,288,1.0,0
2024-08-28 00:00,0.0,0.0,288,1.0,0
2024-08-29 00:00,0.0,0.0,288,1.0,0
2024-08-30 00:00,1.0,1.0,204,0.708,0
2024-08-31 00:00,0.0,1.0,276,0.958,1
2024-09-01 00:00,0.0,0.0,288,1.0,0
2024-09-02 00:00,0.0,0.0,288,1.0,0
2024-09-03 00:00,22.4,22.4,288,1.0,0
2024-09-04 00:00,0.0,22.4,288,1.0,0
2024-09-05 00:00,7.9,7.9,288,1.0,0
2024-09-06 00:00,0.1,8.0,288,1.0,0
2024-09-07 00:00,0.0,0.1,288,1.0,0
2024-09-08 00:00,0.0,0.0,288,1.0,0
2024-09-09 00:00,61.3,61.3,288,1.0,0
2024-09-10 00:00,0.9,61.4,288,1.0,0
2024-09-11 00:00,0.8,0.9,288,1.0,0
2024-09-12 00:00,22.0,22.3,288,1.0,0
2024-09-13 00:00,9.0,29.8,288,1.0,0
2024-09-14 00:00,0.0,9.0,288,1.0,0
2024-09-15 00:00,0.0,0.0,288,1.0,0
2024-09-16 00:00,0.1,0.1,288,1.0,0
2024-09-17 00:00,80.8,80.8,288,1.0,0
2024-09-18 00:00,4.2,80.8,288,1.0,0
2024-09-19 00:00,19.6,19.6,288,1.0,0
2024-09-20 00:00,0.1,19.6,288,1.0,0
2024-09-21 00:00,0.0,0.1,288,1.0,0
2024-09-22 00:00,0.0,0.0,288,1.0,0
2024-09-23 00:00,13.0,13.0,288,1.0,0
2024-09-24 00:00,16.1,29.1,288,1.0,0
2024-09-25 00:00,8.0,16.0,288,1.0,0
2024-09-26 00:00,0.1,8.1,288,1.0,0
2024-09-27 00:00,0.1,0.1,288,1.0,0
2024-09-28 00:00,2.9,3.0,288,1.0,0
2024-09-29 00:00,0.0,2.9,288,1.0,0
2024-09-30 00:00,0.0,0.0,288,1.0,0
2024-10-01 00:00,0.0,0.0,288,1.0,0
2024-10-02 00:00,0.0,0.0,288,1.0,0
2024-10-03 00:00,7.9,7.9,288,1.0,0
2024-10-04 00:00,8.6,10.0,288,1.0,0
2024-10-05 00:00,23.4,29.0,288,1.0,0
2024-10-06 00:00,0.1,23.4,288,1.0,0
2024-10-07 00:00,0.0,0.1,288,1.0,0
2024-10-08 00:00,32.6,32.6,288,1.0,0
2024-10-09 00:00,4.7,37.3,288,1.0,0
2024-10-10 00:00,6.9,6.9,288,1.0,0
2024-10-11 00:00,0.1,6.9,288,1.0,0
2024-10-12 00:00,0.0,0.1,288,1.0,0
2024-10-13 00:00,0.0,0.0,288,1.0,0
2024-10-14 00:00,0.0,0.0,288,1.0,0
2024-10-15 00:00,0.0,0.0,288,1.0,0
2024-10-16 00:00,0.0,0.0,288,1.0,0
2024-10-17 00:00,0.1,0.1,288,1.0,0
2024-10-18 00:00,82.8,82.9,288,1.0,0
2024-10-19 00:00,63.9,108.7,288,1.0,0
2024-10-20 00:00,6.7,65.8,288,1.0,0
2024-10-21 00:00,0.1,6.7,288,1.0,0
2024-10-22 00:00,3.4,3.4,288,1.0,0
2024-10-23 00:00,0.0,3.4,288,1.0,0
2024-10-24 00:00,0.9,0.9,266,0.924,1
2024-10-25 00:00,0.0,0.9,288,1.0,1
2024-10-26 00:00,0.0,0.0,288,1.0,0
2024-10-27 00:00,0.0,0.0,288,1.0,0
2024-10-28 00:00,0.0,0.0,288,1.0,0
2024-10-29 00:00,0.0,0.0,288,1.0,0
2024-10-30 00:00,0.0,0.0,288,1.0,0
2024-10-31 00:00,0.0,0.0,288,1.0,0
2024-11-01 00:00,0.0,0.0,288,1.0,0
2024-11-02 00:00,0.0,0.0,288,1.0,0
2024-11-03 00:00,0.0,0.0,288,1.0,0
2024-11-04 00:00,0.0,0.0,288,1.0,0
2024-11-05 00:00,0.0,0.0,288,1.0,0
2024-11-06 00:00,0.0,0.0,288,1.0,0
2024-11-07 00:00,0.0,0.0,288,1.0,0
2024-11-08 00:00,0.0,0.0,288,1.0,0
2024-11-09 00:00,0.0,0.0,288,1.0,0
2024-11-10 00:00,0.0,0.0,288,1.0,0
2024-11-11 00:00,0.0,0.0,288,1.0,0
2024-11-12 00:00,0.7,0.7,288,1.0,0
2024-11-13 00:00,30.0,30.0,288,1.0,0
2024-11-14 00:00,0.3,30.1,277,0.962,0
2024-11-15 00:00,0.0,0.3,288,1.0,0
2024-11-16 00:00,0.0,0.0,288,1.0,0
2024-11-17 00:00,0.3,0.3,288,1.0,0
2024-11-18 00:00,1.5,1.8,288,1.0,0
2024-11-19 00:00,9.0,9.8,288,1.0,0
2024-11-20 00:00,1.8,9.0,288,1.0,0
2024-11-21 00:00,10.0,10.0,288,1.0,0
2024-11-22 00:00,88.7,98.7,288,1.0,0
2024-11-23 00:00,0.0,88.7,288,1.0,0
2024-11-24 00:00,0.0,0.0,288,1.0,0
2024-11-25 00:00,1.2,1.2,288,1.0,0
2024-11-26 00:00,0.1,1.3,288,1.0,0
2024-11-27 00:00,1.4,1.4,283,0.983,0
2024-11-28 00:00,4.2,4.3,288,1.0,0
2024-11-29 00:00,2.7,6.6,288,1.0,0
2024-11-30 00:00,0.1,2.7,288,1.0,0
2024-12-01 00:00,0.0,0.1,288,1.0,0
2024-12-02 00:00,0.0,0.0,288,1.0,0
2024-12-03 00:00,14.2,14.2,288,1.0,0
2024-12-04 00:00,3.9,15.4,288,1.0,0
2024-12-05 00:00,0.5,4.4,288,1.0,0
2024-12-06 00:00,0.0,0.5,288,1.0,0
2024-12-07 00:00,4.8,4.8,288,1.0,0
2024-12-08 00:00,62.6,62.6,288,1.0,0
2024-12-09 00:00,16.6,63.6,288,1.0,0
2024-12-10 00:00,13.8,27.5,288,1.0,0
2024-12-11 00:00,17.4,19.6,288,1.0,0
2024-12-12 00:00,0.0,17.4,288,1.0,0
2024-12-13 00:00,28.2,28.2,288,1.0,0
2024-12-14 00:00,19.6,43.6,288,1.0,0
2024-12-15 00:00,1.0,20.3,276,0.958,0
2024-12-16 00:00,0.0,1.0,288,1.0,0
2024-12-17 00:00,0.0,0.0,288,1.0,0
2024-12-18 00:00,0.0,0.0,288,1.0,0
2024-12-19 00:00,3.0,3.0,288,1.0,0
2024-12-20 00:00,20.0,23.0,288,1.0,0
2024-12-21 00:00,1.7,20.0,288,1.0,0
2024-12-22 00:00,26.9,26.9,288,1.0,0
2024-12-23 00:00,18.7,44.7,288,1.0,0
2024-12-24 00:00,0.0,18.7,288,1.0,0
2024-12-25 00:00,1.3,1.3,288,1.0,0
2024-12-26 00:00,0.0,1.3,288,1.0,0
2024-12-27 00:00,0.0,0.0,288,1.0,0
2024-12-28 00:00,0.0,0.0,288,1.0,0
2024-12-29 00:00,0.0,0.0,288,1.0,0
2024-12-30 00:00,0.0,0.0,288,1.0,0
2024-12-31 00:00,0.0,0.0,288,1.0,0
2025-01-01 00:00,0.0,0.0,276,0.958,0
2025-01-02 00:00,0.0,0.0,288,1.0,0
2025-01-03 00:00,27.9,27.9,288,1.0,0
2025-01-04 00:00,11.9,39.8,288,1.0,0
2025-01-05 00:00,0.3,11.0,288,1.0,0
2025-01-06 00:00,0.2,0.3,276,0.958,0
2025-01-07 00:00,3.0,3.0,175,0.608,1
2025-01-08 00:00,0.8,3.5,288,1.0,1
2025-01-09 00:00,18.7,18.7,288,1.0,0
2025-01-10 00:00,0.2,18.8,288,1.0,0
2025-01-11 00:00,42.5,42.5,288,1.0,0
2025-01-12 00:00,2.8,43.9,288,1.0,0
2025-01-13 00:00,0.0,2.7,288,1.0,0
2025-01-14 00:00,0.0,0.0,288,1.0,0
2025-01-15 00:00,0.0,0.0,288,1.0,0
2025-01-16 00:00,0.3,0.3,288,1.0,0
2025-01-17 00:00,0.2,0.3,288,1.0,0
2025-01-18 00:00,10.6,10.7,288,1.0,0
2025-01-19 00:00,0.5,10.6,288,1.0,0
2025-01-20 00:00,13.3,13.3,288,1.0,0
2025-01-21 00:00,4.3,17.1,288,1.0,0
2025-01-22 00:00,0.5,4.3,288,1.0,0
2025-01-23 00:00,0.0,0.5,288,1.0,0
2025-01-24 00:00,0.0,0.0,276,0.958,0
2025-01-25 00:00,0.0,0.0,288,1.0,0
2025-01-26 00:00,0.0,0.0,288,1.0,0
2025-01-27 00:00,0.0,0.0,288,1.0,0
2025-01-28 00:00,21.0,21.0,288,1.0,0
2025-01-29 00:00,19.9,32.9,288,1.0,0
2025-01-30 00:00,0.0,19.9,288,1.0,0
2025-01-31 00:00,0.0,0.0,288,1.0,0
2025-02-01 00:00,0.0,0.0,288,1.0,0
2025-02-02 00:00,0.5,0.5,288,1.0,0
2025-02-03 00:00,2.4,2.4,288,1.0,0
2025-02-04 00:00,0.0,2.4,288,1.0,0
2025-02-05 00:00,0.0,0.0,288,1.0,0
2025-02-06 00:00,0.0,0.0,288,1.0,0
2025-02-07 00:00,0.0,0.0,288,1.0,0
2025-02-08 00:00,11.6,11.6,288,1.0,0
2025-02-09 00:00,0.0,11.6,288,1.0,0
2025-02-10 00:00,0.0,0.0,288,1.0,0
2025-02-11 00:00,0.0,0.0,288,1.0,0
2025-02-12 00:00,0.0,0.0,288,1.0,0
2025-02-13 00:00,0.3,0.3,288,1.0,0
2025-02-14 00:00,13.4,13.4,288,1.0,0
2025-02-15 00:00,52.0,65.1,288,1.0,0
2025-02-16 00:00,0.0,52.0,288,1.0,0
2025-02-17 00:00,0.0,0.0,288,1.0,0
2025-02-18 00:00,0.0,0.0,288,1.0,0
2025-02-19 00:00,0.0,0.0,288,1.0,0
2025-02-20 00:00,0.0,0.0,288,1.0,0
2025-02-21 00:00,0.0,0.0,288,1.0,0
2025-02-22 00:00,0.0,0.0,288,1.0,0
2025-02-23 00:00,0.0,0.0,288,1.0,0
2025-02-24 00:00,0.8,0.8,288,1.0,0
2025-02-25 00:00,28.1,28.1,288,1.0,0
2025-02-26 00:00,105.3,107.8,288,1.0,0
2025-02-27 00:00,2.7,105.2,288,1.0,0
2025-02-28 00:00,0.0,2.6,288,1.0,0
2025-03-01 00:00,1.2,1.2,288,1.0,0
2025-03-02 00:00,0.0,1.2,288,1.0,0
2025-03-03 00:00,0.0,0.0,288,1.0,0
2025-03-04 00:00,0.0,0.0,288,1.0,0
2025-03-05 00:00,0.0,0.0,288,1.0,0
2025-03-06 00:00,0.0,0.0,288,1.0,0
2025-03-07 00:00,0.0,0.0,288,1.0,0
2025-03-08 00:00,0.0,0.0,276,0.958,0
2025-03-09 00:00,0.0,0.0,288,1.0,0
2025-03-10 00:00,2.9,2.9,288,1.0,0
2025-03-11 00:00,7.2,10.1,288,1.0,0
2025-03-12 00:00,3.3,7.2,288,1.0,0
2025-03-13 00:00,9.9,13.2,288,1.0,0
2025-03-14 00:00,10.3,16.2,288,1.0,0
2025-03-15 00:00,0.0,10.2,288,1.0,0
2025-03-16 00:00,2.0,2.0,288,1.0,0
2025-03-17 00:00,2.7,4.5,288,1.0,0
2025-03-18 00:00,0.4,3.0,288,1.0,0
2025-03-19 00:00,0.0,0.4,288,1.0,0
2025-03-20 00:00,0.0,0.0,288,1.0,0
2025-03-21 00:00,0.0,0.0,288,1.0,0
2025-03-22 00:00,0.0,0.0,288,1.0,0
2025-03-23 00:00,5.3,5.3,288,1.0,0
2025-03-24 00:00,0.0,5.3,288,1.0,0
2025-03-25 00:00,0.0,0.0,288,1.0,0
2025-03-26 00:00,4.7,4.7,288,1.0,0
2025-03-27 00:00,23.9,23.9,288,1.0,0
2025-03-28 00:00,11.8,26.2,288,1.0,0
2025-03-29 00:00,18.6,18.6,288,1.0,0
2025-03-30 00:00,1.1,19.7,288,1.0,0
2025-03-31 00:00,3.5,3.5,288,1.0,0
2025-04-01 00:00,0.0,3.5,288,1.0,0
2025-04-02 00:00,0.0,0.0,288,1.0,0
2025-04-03 00:00,0.0,0.0,288,1.0,0
2025-04-04 00:00,0.0,0.0,288,1.0,0
2025-04-05 00:00,0.0,0.0,288,1.0,0
2025-04-06 00:00,3.5,3.5,288,1.0,0
2025-04-07 00:00,0.0,3.5,288,1.0,0
2025-04-08 00:00,0.0,0.0,288,1.0,0
2025-04-09 00:00,0.0,0.0,276,0.958,0
2025-04-10 00:00,0.0,0.0,288,1.0,0
2025-04-11 00:00,0.0,0.0,288,1.0,0
2025-04-12 00:00,0.0,0.0,288,1.0,0
2025-04-13 00:00,0.0,0.0,288,1.0,0
2025-04-14 00:00,8.1,8.1,288,1.0,0
2025-04-15 00:00,16.8,24.6,287,0.997,0
2025-04-16 00:00,1.2,16.8,288,1.0,0
2025-04-17 00:00,13.2,14.4,288,1.0,0
2025-04-18 00:00,3.7,13.2,288,1.0,0
2025-04-19 00:00,0.0,3.7,288,1.0,0
2025-04-20 00:00,0.0,0.0,288,1.0,0
2025-04-21 00:00,0.0,0.0,288,1.0,0
2025-04-22 00:00,0.0,0.0,288,1.0,0
2025-04-23 00:00,0.2,0.2,288,1.0,0
2025-04-24 00:00,29.6,29.8,288,1.0,0
2025-04-25 00:00,0.0,29.6,288,1.0,0
2025-04-26 00:00,4.2,4.2,288,1.0,0
2025-04-27 00:00,0.0,4.2,288,1.0,0
2025-04-28 00:00,0.0,0.0,288,1.0,0
2025-04-29 00:00,0.0,0.0,288,1.0,0
2025-04-30 00:00,0.0,0.0,288,1.0,0
2025-05-01 00:00,0.0,0.0,288,1.0,0
2025-05-02 00:00,0.0,0.0,288,1.0,0
2025-05-03 00:00,0.0,0.0,288,1.0,0
2025-05-04 00:00,0.4,0.4,288,1.0,0
2025-05-05 00:00,0.2,0.6,288,1.0,0
2025-05-06 00:00,0.0,0.2,288,1.0,0
2025-05-07 00:00,0.9,0.9,288,1.0,0
2025-05-08 00:00,0.1,1.0,288,1.0,0
2025-05-09 00:00,0.0,0.1,288,1.0,0
2025-05-10 00:00,0.0,0.0,288,1.0,0
2025-05-11 00:00,1.6,1.6,288,1.0,0
2025-05-12 00:00,0.0,1.6,288,1.0,0
2025-05-13 00:00,2.0,2.0,288,1.0,0
2025-05-14 00:00,0.0,2.0,288,1.0,0
2025-05-15 00:00,2.7,2.7,288,1.0,0
2025-05-16 00:00,0.1,2.8,288,1.0,0
2025-05-17 00:00,0.0,0.1,288,1.0,0
2025-05-18 00:00,0.9,0.9,288,1.0,0
2025-05-19 00:00,0.0,0.9,288,1.0,0
2025-05-20 00:00,0.0,0.0,288,1.0,0
2025-05-21 00:00,5.3,5.3,288,1.0,0
2025-05-22 00:00,0.1,5.4,288,1.0,0
2025-05-23 00:00,7.4,7.4,288,1.0,0
2025-05-24 00:00,0.0,7.4,288,1.0,0
2025-05-25 00:00,0.0,0.0,288,1.0,0
2025-05-26 00:00,0.0,0.0,288,1.0,0
2025-05-27 00:00,0.0,0.0,288,1.0,0
2025-05-28 00:00,0.0,0.0,288,1.0,0
2025-05-29 00:00,0.2,0.2,288,1.0,0
2025-05-30 00:00,0.0,0.2,288,1.0,0
2025-05-31 00:00,0.0,0.0,288,1.0,0
2025-06-01 00:00,0.0,0.0,288,1.0,0
2025-06-02 00:00,0.0,0.0,288,1.0,0
2025-06-03 00:00,0.0,0.0,288,1.0,0
2025-06-04 00:00,0.0,0.0,288,1.0,0
2025-06-05 00:00,0.0,0.0,288,1.0,0
2025-06-06 00:00,0.0,0.0,288,1.0,0
2025-06-07 00:00,0.0,0.0,288,1.0,0
2025-06-08 00:00,0.0,0.0,288,1.0,0
2025-06-09 00:00,0.0,0.0,288,1.0,0
2025-06-10 00:00,0.0,0.0,288,1.0,0
2025-06-11 00:00,0.0,0.0,288,1.0,0
2025-06-12 00:00,0.0,0.0,288,1.0,0
2025-06-13 00:00,0.0,0.0,288,1.0,0
2025-06-14 00:00,0.0,0.0,288,1.0,0
2025-06-15 00:00,0.0,0.0,288,1.0,0
2025-06-16 00:00,0.0,0.0,288,1.0,0
2025-06-17 00:00,0.0,0.0,288,1.0,0
2025-06-18 00:00,12.4,12.4,288,1.0,0
2025-06-19 00:00,0.0,12.4,288,1.0,0
2025-06-20 00:00,0.0,0.0,288,1.0,0
2025-06-21 00:00,0.1,0.1,288,1.0,0
2025-06-22 00:00,0.0,0.1,288,1.0,0
2025-06-23 00:00,0.0,0.0,288,1.0,0
2025-06-24 00:00,0.0,0.0,288,1.0,0
2025-06-25 00:00,0.0,0.0,288,1.0,0
2025-06-26 00:00,0.0,0.0,288,1.0,0
2025-06-27 00:00,0.0,0.0,288,1.0,0
2025-06-28 00:00,0.0,0.0,288,1.0,0
2025-06-29 00:00,0.0,0.0,288,1.0,0
2025-06-30 00:00,0.0,0.0,288,1.0,0
2025-07-01 00:00,0.0,0.0,288,1.0,0
2025-07-02 00:00,0.0,0.0,288,1.0,0
2025-07-03 00:00,0.0,0.0,288,1.0,0
2025-07-04 00:00,0.0,0.0,288,1.0,0
2025-07-05 00:00,0.0,0.0,288,1.0,0
2025-07-06 00:00,0.0,0.0,288,1.0,0
2025-07-07 00:00,49.1,49.1,288,1.0,0
2025-07-08 00:00,7.7,55.0,288,1.0,0
2025-07-09 00:00,0.3,8.0,288,1.0,0
2025-07-10 00:00,0.0,0.3,288,1.0,0
2025-07-11 00:00,0.0,0.0,288,1.0,0
2025-07-12 00:00,0.0,0.0,288,1.0,0
2025-07-13 00:00,0.0,0.0,288,1.0,0
2025-07-14 00:00,0.0,0.0,288,1.0,0
2025-07-15 00:00,0.0,0.0,288,1.0,0
2025-07-16 00:00,0.0,0.0,288,1.0,0
2025-07-17 00:00,0.0,0.0,288,1.0,0
2025-07-18 00:00,0.0,0.0,288,1.0,0
2025-07-19 00:00,0.0,0.0,288,1.0,0
2025-07-20 00:00,0.0,0.0,288,1.0,0
2025-07-21 00:00,0.0,0.0,288,1.0,0
2025-07-22 00:00,0.0,0.0,288,1.0,0
2025-07-23 00:00,0.0,0.0,288,1.0,0
2025-07-24 00:00,0.0,0.0,288,1.0,0
2025-07-25 00:00,0.0,0.0,288,1.0,0
2025-07-26 00:00,5.6,5.6,288,1.0,0
2025-07-27 00:00,1.3,6.8,288,1.0,0
2025-07-28 00:00,8.2,8.2,288,1.0,0
2025-07-29 00:00,0.1,8.3,288,1.0,0
2025-07-30 00:00,0.0,0.1,288,1.0,0
2025-07-31 00:00,0.0,0.0,288,1.0,0
2025-08-01 00:00,0.0,0.0,288,1.0,0
2025-08-02 00:00,0.0,0.0,288,1.0,0
2025-08-03 00:00,0.0,0.0,288,1.0,0
2025-08-04 00:00,0.0,0.0,288,1.0,0
2025-08-05 00:00,0.0,0.0,288,1.0,0
2025-08-06 00:00,0.0,0.0,288,1.0,0
2025-08-07 00:00,0.0,0.0,288,1.0,0
2025-08-08 00:00,0.0,0.0,288,1.0,0
2025-08-09 00:00,0.0,0.0,288,1.0,0
2025-08-10 00:00,0.0,0.0,288,1.0,0
2025-08-11 00:00,0.0,0.0,288,1.0,0
2025-08-12 00:00,5.7,5.7,288,1.0,0
2025-08-13 00:00,0.0,5.7,288,1.0,0
2025-08-14 00:00,0.9,0.9,288,1.0,0
2025-08-15 00:00,0.0,0.9,288,1.0,0
2025-08-16 00:00,2.9,2.9,288,1.0,0
2025-08-17 00:00,0.0,2.9,288,1.0,0
2025-08-18 00:00,9.9,9.9,288,1.0,0
2025-08-19 00:00,0.0,9.9,288,1.0,0
2025-08-20 00:00,0.0,0.0,288,1.0,0
2025-08-21 00:00,3.1,3.1,288,1.0,0
2025-08-22 00:00,3.0,5.8,288,1.0,0
2025-08-23 00:00,2.0,3.4,288,1.0,0
2025-08-24 00:00,0.0,2.0,288,1.0,0
2025-08-25 00:00,0.0,0.0,288,1.0,0
2025-08-26 00:00,0.0,0.0,288,1.0,0
2025-08-27 00:00,0.0,0.0,288,1.0,0
2025-08-28 00:00,0.0,0.0,288,1.0,0
2025-08-29 00:00,17.3,17.3,288,1.0,0
2025-08-30 00:00,14.1,31.3,288,1.0,0
2025-08-31 00:00,0.0,14.1,288,1.0,0
2025-09-01 00:00,0.0,0.0,288,1.0,0
2025-09-02 00:00,1.7,1.7,288,1.0,0
2025-09-03 00:00,0.0,1.7,288,1.0,0
2025-09-04 00:00,0.0,0.0,288,1.0,0
2025-09-05 00:00,0.0,0.0,288,1.0,0
2025-09-06 00:00,0.0,0.0,288,1.0,0
2025-09-07 00:00,0.0,0.0,288,1.0,0
2025-09-08 00:00,0.0,0.0,288,1.0,0
2025-09-09 00:00,0.0,0.0,288,1.0,0
2025-09-10 00:00,9.0,9.0,288,1.0,0
2025-09-11 00:00,31.7,40.7,288,1.0,0
2025-09-12 00:00,0.0,31.5,288,1.0,0
2025-09-13 00:00,0.0,0.0,288,1.0,0
2025-09-14 00:00,0.0,0.0,288,1.0,0
2025-09-15 00:00,0.0,0.0,288,1.0,0
2025-09-16 00:00,0.0,0.0,288,1.0,0
2025-09-17 00:00,0.0,0.0,288,1.0,0
2025-09-18 00:00,0.0,0.0,288,1.0,0
2025-09-19 00:00,0.0,0.0,288,1.0,0
2025-09-20 00:00,0.0,0.0,288,1.0,0
2025-09-21 00:00,0.0,0.0,288,1.0,0
2025-09-22 00:00,0.0,0.0,288,1.0,0
2025-09-23 00:00,38.7,38.7,288,1.0,0
2025-09-24 00:00,14.8,43.9,288,1.0,0
2025-09-25 00:00,0.0,14.4,288,1.0,0
2025-09-26 00:00,0.1,0.1,288,1.0,0
2025-09-27 00:00,0.0,0.1,288,1.0,0
2025-09-28 00:00,0.0,0.0,288,1.0,0
2025-09-29 00:00,0.0,0.0,288,1.0,0
2025-09-30 00:00,0.0,0.0,288,1.0,0
2025-10-01 00:00,4.7,4.7,288,1.0,0
2025-10-02 00:00,0.0,4.7,288,1.0,0
2025-10-03 00:00,0.0,0.0,288,1.0,0
2025-10-04 00:00,0.0,0.0,288,1.0,0
2025-10-05 00:00,25.0,25.0,288,1.0,0
2025-10-06 00:00,0.0,25.0,288,1.0,0
2025-10-07 00:00,0.0,0.0,288,1.0,0
2025-10-08 00:00,0.0,0.0,288,1.0,0
2025-10-09 00:00,0.0,0.0,288,1.0,0
2025-10-10 00:00,0.0,0.0,288,1.0,0
2025-10-11 00:00,0.0,0.0,288,1.0,0
2025-10-12 00:00,0.0,0.0,288,1.0,0
2025-10-13 00:00,0.0,0.0,288,1.0,0
2025-10-14 00:00,0.0,0.0,288,1.0,0
2025-10-15 00:00,5.6,5.6,288,1.0,0
2025-10-16 00:00,16.9,18.4,288,1.0,0
2025-10-17 00:00,15.2,24.9,288,1.0,0
2025-10-18 00:00,1.8,16.5,288,1.0,0
2025-10-19 00:00,0.1,0.7,288,1.0,0
2025-10-20 00:00,0.0,0.1,288,1.0,0
2025-10-21 00:00,32.8,32.8,288,1.0,0
2025-10-22 00:00,1.6,33.6,288,1.0,0
2025-10-23 00:00,25.2,25.2,288,1.0,0
2025-10-24 00:00,0.7,25.2,288,1.0,0
2025-10-25 00:00,11.3,11.3,288,1.0,0
2025-10-26 00:00,19.1,29.9,288,1.0,0
2025-10-27 00:00,10.3,17.8,288,1.0,0
2025-10-28 00:00,1.3,9.6,288,1.0,0
2025-10-29 00:00,0.9,1.3,288,1.0,0
2025-10-30 00:00,0.1,0.9,288,1.0,0
2025-10-31 00:00,2.0,2.1,276,0.958,0
2025-11-01 00:00,0.0,2.0,288,1.0,0
2025-11-02 00:00,0.4,0.4,288,1.0,0
2025-11-03 00:00,18.7,19.1,288,1.0,0
2025-11-04 00:00,0.0,18.7,288,1.0,0
2025-11-05 00:00,0.0,0.0,288,1.0,0
2025-11-06 00:00,0.0,0.0,288,1.0,0
2025-11-07 00:00,10.4,10.4,288,1.0,0
2025-11-08 00:00,30.5,30.9,276,0.958,0
2025-11-09 00:00,5.7,35.8,288,1.0,0
2025-11-10 00:00,0.0,5.6,288,1.0,0
2025-11-11 00:00,0.1,0.1,288,1.0,0
2025-11-12 00:00,0.0,0.1,288,1.0,0
2025-11-13 00:00,0.0,0.0,288,1.0,0
2025-11-14 00:00,0.0,0.0,288,1.0,0
2025-11-15 00:00,0.0,0.0,288,1.0,0
2025-11-16 00:00,0.0,0.0,288,1.0,0
2025-11-17 00:00,0.0,0.0,288,1.0,0
2025-11-18 00:00,43.7,43.7,288,1.0,0
2025-11-19 00:00,2.3,45.0,288,1.0,0
2025-11-20 00:00,16.3,16.3,288,1.0,0
2025-11-21 00:00,30.2,37.5,288,1.0,0
2025-11-22 00:00,17.0,32.1,288,1.0,0
2025-11-23 00:00,8.6,17.0,288,1.0,0
2025-11-24 00:00,63.6,63.6,288,1.0,0
2025-11-25 00:00,104.0,107.3,288,1.0,0
2025-11-26 00:00,20.8,104.6,288,1.0,0
2025-11-27 00:00,0.0,20.8,276,0.958,0
2025-11-28 00:00,0.0,0.0,288,1.0,0
2025-11-29 00:00,0.0,0.0,288,1.0,0
2025-11-30 00:00,0.1,0.1,288,1.0,0
2025-12-01 00:00,2.3,2.3,288,1.0,0
2025-12-02 00:00,41.6,43.9,288,1.0,0
2025-12-03 00:00,0.0,41.6,288,1.0,0
2025-12-04 00:00,0.3,0.3,288,1.0,0
2025-12-05 00:00,26.7,26.8,288,1.0,0
2025-12-06 00:00,0.0,26.7,288,1.0,0
2025-12-07 00:00,0.0,0.0,288,1.0,0
2025-12-08 00:00,0.0,0.0,288,1.0,0
2025-12-09 00:00,0.0,0.0,288,1.0,0
2025-12-10 00:00,0.0,0.0,288,1.0,0
2025-12-11 00:00,0.0,0.0,288,1.0,0
2025-12-12 00:00,0.0,0.0,288,1.0,0
2025-12-13 00:00,0.0,0.0,288,1.0,0
2025-12-14 00:00,0.0,0.0,288,1.0,0
2025-12-15 00:00,0.0,0.0,288,1.0,0
2025-12-16 00:00,7.0,7.0,288,1.0,0
2025-12-17 00:00,21.4,28.4,288,1.0,0
2025-12-18 00:00,0.0,20.9,288,1.0,0
2025-12-19 00:00,0.0,0.0,288,1.0,0
2025-12-20 00:00,0.0,0.0,288,1.0,0
2025-12-21 00:00,0.6,0.6,288,1.0,0
2025-12-22 00:00,0.0,0.6,288,1.0,0
2025-12-23 00:00,41.7,41.7,288,1.0,0
2025-12-24 00:00,47.2,80.1,288,1.0,0
2025-12-25 00:00,0.0,47.2,288,1.0,0
2025-12-26 00:00,0.0,0.0,288,1.0,0
2025-12-27 00:00,0.0,0.0,288,1.0,0
2025-12-28 00:00,0.0,0.0,288,1.0,0
2025-12-29 00:00,0.0,0.0,288,1.0,0
2025-12-30 00:00,0.0,0.0,288,1.0,0
2025-12-31 00:00,0.0,0.0,285,0.99,0
