time,value,n,coverage,flag
2024-01-01 00:00,14.9,143,0.993,0
2024-01-02 00:00,14.9,144,1.0,0
2024-01-03 00:00,15.5,144,1.0,0
2024-01-04 00:00,15.5,121,0.84,0
2024-01-05 00:00,15.7,144,1.0,0
2024-01-06 00:00,23.1,144,1.0,0
2024-01-07 00:00,53.9,144,1.0,0
2024-01-08 00:00,99.1,144,1.0,0
2024-01-09 00:00,99.1,144,1.0,0
2024-01-10 00:00,99.1,144,1.0,0
2024-01-11 00:00,102.5,144,1.0,0
2024-01-12 00:00,102.5,144,1.0,0
2024-01-13 00:00,102.5,144,1.0,0
2024-01-14 00:00,103.7,144,1.0,0
2024-01-15 00:00,153.8,144,1.0,0
2024-01-16 00:00,155.0,144,1.0,0
2024-01-17 00:00,166.6,144,1.0,0
2024-01-18 00:00,166.6,144,1.0,0
2024-01-19 00:00,169.4,144,1.0,0
2024-01-20 00:00,206.7,144,1.0,0
2024-01-21 00:00,206.7,144,1.0,0
2024-01-22 00:00,206.7,144,1.0,0
2024-01-23 00:00,206.7,144,1.0,0
2024-01-24 00:00,206.7,144,1.0,0
2024-01-25 00:00,206.7,144,1.0,0
2024-01-26 00:00,206.7,144,1.0,0
2024-01-27 00:00,206.7,144,1.0,0
2024-01-28 00:00,206.7,144,1.0,0
2024-01-29 00:00,206.7,144,1.0,0
2024-01-30 00:00,206.7,144,1.0,0
2024-01-31 00:00,206.7,144,1.0,0
2024-02-01 00:00,206.7,144,1.0,0
2024-02-02 00:00,206.7,144,1.0,0
2024-02-03 00:00,206.7,144,1.0,0
2024-02-04 00:00,206.7,144,1.0,0
2024-02-05 00:00,206.7,143,0.993,0
2024-02-06 00:00,206.7,144,1.0,0
2024-02-07 00:00,206.7,144,1.0,0
2024-02-08 00:00,206.7,144,1.0,0
2024-02-09 00:00,206.7,144,1.0,0
2024-02-10 00:00,302.4,144,1.0,0
2024-02-11 00:00,333.8,144,1.0,0
2024-02-12 00:00,383.3,144,1.0,0
2024-02-13 00:00,386.7,144,1.0,0
2024-02-14 00:00,386.7,144,1.0,0
2024-02-15 00:00,386.7,144,1.0,0
2024-02-16 00:00,386.7,144,1.0,0
2024-02-17 00:00,386.7,144,1.0,0
2024-02-18 00:00,386.7,144,1.0,0
2024-02-19 00:00,386.7,144,1.0,0
2024-02-20 00:00,386.7,144,1.0,0
2024-02-21 00:00,386.7,144,1.0,0
2024-02-22 00:00,386.7,144,1.0,0
2024-02-23 00:00,394.4,144,1.0,0
2024-02-24 00:00,415.6,144,1.0,0
2024-02-25 00:00,420.0,144,1.0,0
2024-02-26 00:00,420.0,144,1.0,0
2024-02-27 00:00,420.0,144,1.0,0
2024-02-28 00:00,420.0,144,1.0,0
2024-02-29 00:00,451.2,144,1.0,0
2024-03-01 00:00,460.6,144,1.0,0
2024-03-02 00:00,465.5,144,1.0,0
2024-03-03 00:00,465.9,144,1.0,0
2024-03-04 00:00,489.7,144,1.0,0
2024-03-05 00:00,490.7,144,1.0,0
2024-03-06 00:00,502.3,144,1.0,0
2024-03-07 00:00,503.3,144,1.0,0
2024-03-08 00:00,503.5,144,1.0,0
2024-03-09 00:00,528.2,144,1.0,0
2024-03-10 00:00,537.2,144,1.0,0
2024-03-11 00:00,580.2,144,1.0,0
2024-03-12 00:00,585.6,144,1.0,0
2024-03-13 00:00,586.0,144,1.0,0
2024-03-14 00:00,586.0,144,1.0,0
2024-03-15 00:00,586.0,144,1.0,0
2024-03-16 00:00,591.0,144,1.0,0
2024-03-17 00:00,591.2,144,1.0,0
2024-03-18 00:00,591.8,144,1.0,0
2024-03-19 00:00,592.0,47,0.326,0
2024-03-21 00:00,592.0,144,1.0,1
2024-03-22 00:00,592.0,144,1.0,1
2024-03-23 00:00,592.0,144,1.0,1
2024-03-24 00:00,592.0,144,1.0,1
2024-03-25 00:00,592.0,144,1.0,1
2024-03-26 00:00,601.6,144,1.0,1
2024-03-27 00:00,621.1,144,1.0,1
2024-03-28 00:00,621.3,144,1.0,1
2024-03-29 00:00,621.3,144,1.0,1
2024-03-30 00:00,621.3,144,1.0,1
2024-03-31 00:00,621.3,138,0.958,1
2024-04-01 00:00,624.3,144,1.0,1
2024-04-02 00:00,624.3,144,1.0,1
2024-04-03 00:00,624.3,144,1.0,1
2024-04-04 00:00,624.3,142,0.986,1
2024-04-05 00:00,624.3,144,1.0,1
2024-04-06 00:00,624.3,144,1.0,1
2024-04-07 00:00,624.3,144,1.0,1
2024-04-08 00:00,624.3,144,1.0,1
2024-04-09 00:00,624.3,144,1.0,1
2024-04-10 00:00,627.1,144,1.0,1
2024-04-11 00:00,627.1,144,1.0,1
2024-04-12 00:00,627.1,144,1.0,1
2024-04-13 00:00,627.1,144,1.0,1
2024-04-14 00:00,627.1,144,1.0,1
2024-04-15 00:00,627.1,144,1.0,1
2024-04-16 00:00,649.8,144,1.0,1
2024-04-17 00:00,653.0,144,1.0,1
2024-04-18 00:00,656.4,144,1.0,1
2024-04-19 00:00,673.6,144,1.0,1
2024-04-20 00:00,675.0,144,1.0,1
2024-04-21 00:00,675.0,144,1.0,1
2024-04-22 00:00,675.0,144,1.0,1
2024-04-23 00:00,675.0,144,1.0,1
2024-04-24 00:00,684.9,144,1.0,1
2024-04-25 00:00,688.5,144,1.0,1
2024-04-26 00:00,694.7,144,1.0,1
2024-04-27 00:00,694.7,144,1.0,1
2024-04-28 00:00,694.7,144,1.0,1
2024-04-29 00:00,694.9,144,1.0,1
2024-04-30 00:00,694.9,144,1.0,1
2024-05-01 00:00,695.5,144,1.0,1
2024-05-02 00:00,723.6,144,1.0,1
2024-05-03 00:00,728.0,144,1.0,1
2024-05-04 00:00,728.0,144,1.0,1
2024-05-05 00:00,728.0,144,1.0,1
2024-05-06 00:00,728.0,144,1.0,1
2024-05-07 00:00,728.0,144,1.0,1
2024-05-08 00:00,732.0,144,1.0,1
2024-05-09 00:00,733.8,144,1.0,1
2024-05-10 00:00,733.8,144,1.0,1
2024-05-11 00:00,733.8,144,1.0,1
2024-05-12 00:00,733.8,144,1.0,1
2024-05-13 00:00,733.8,144,1.0,1
2024-05-14 00:00,733.8,144,1.0,1
2024-05-15 00:00,733.8,144,1.0,1
2024-05-16 00:00,733.8,144,1.0,1
2024-05-17 00:00,733.8,144,1.0,1
2024-05-18 00:00,746.9,144,1.0,1
2024-05-19 00:00,746.9,144,1.0,1
2024-05-20 00:00,746.9,144,1.0,1
2024-05-21 00:00,747.5,144,1.0,1
2024-05-22 00:00,748.5,144,1.0,1
2024-05-23 00:00,748.5,144,1.0,1
2024-05-24 00:00,748.5,144,1.0,1
2024-05-25 00:00,751.5,144,1.0,1
2024-05-26 00:00,751.5,144,1.0,1
2024-05-27 00:00,751.5,144,1.0,1
2024-05-28 00:00,751.5,144,1.0,1
2024-05-29 00:00,751.5,144,1.0,1
2024-05-30 00:00,751.5,144,1.0,1
2024-05-31 00:00,758.8,144,1.0,1
2024-06-01 00:00,759.8,144,1.0,1
2024-06-02 00:00,760.0,144,1.0,1
2024-06-03 00:00,760.2,144,1.0,1
2024-06-04 00:00,760.2,144,1.0,1
2024-06-05 00:00,760.2,98,0.681,1
2024-06-09 00:00,760.2,144,1.0,1
2024-06-10 00:00,760.2,83,0.576,1
2024-07-04 00:00,760.2,144,1.0,1
2024-07-05 00:00,760.2,48,0.333,1
2024-07-07 00:00,760.2,1,0.007,1
2024-07-08 00:00,760.2,144,1.0,1
2024-07-09 00:00,760.2,144,1.0,1
2024-07-10 00:00,760.2,144,1.0,1
2024-07-11 00:00,760.2,144,1.0,1
2024-07-12 00:00,760.2,144,1.0,1
2024-07-13 00:00,760.2,144,1.0,1
2024-07-14 00:00,760.2,144,1.0,1
2024-07-15 00:00,760.2,144,1.0,1
2024-07-16 00:00,760.2,144,1.0,1
2024-07-17 00:00,760.2,144,1.0,1
2024-07-18 00:00,760.2,144,1.0,1
2024-07-19 00:00,760.2,144,1.0,1
2024-07-20 00:00,760.2,144,1.0,1
2024-07-21 00:00,760.2,144,1.0,1
2024-07-22 00:00,772.3,144,1.0,1
2024-07-23 00:00,772.3,144,1.0,1
2024-07-24 00:00,772.3,144,1.0,1
2024-07-25 00:00,772.3,144,1.0,1
2024-07-26 00:00,772.3,144,1.0,1
2024-07-27 00:00,772.3,144,1.0,1
2024-07-28 00:00,772.3,144,1.0,1
2024-07-29 00:00,772.3,144,1.0,1
2024-07-30 00:00,772.3,144,1.0,1
2024-07-31 00:00,772.3,144,1.0,1
2024-08-01 00:00,772.3,144,1.0,1
2024-08-02 00:00,772.3,144,1.0,1
2024-08-03 00:00,772.3,144,1.0,1
2024-08-04 00:00,772.3,144,1.0,1
2024-08-05 00:00,772.3,144,1.0,1
2024-08-06 00:00,772.3,144,1.0,1
2024-08-07 00:00,772.3,144,1.0,1
2024-08-08 00:00,772.3,144,1.0,1
2024-08-09 00:00,772.3,144,1.0,1
2024-08-10 00:00,772.3,144,1.0,1
2024-08-11 00:00,772.5,144,1.0,1
2024-08-12 00:00,772.5,144,1.0,1
2024-08-13 00:00,772.5,144,1.0,1
2024-08-14 00:00,772.5,144,1.0,1
2024-08-15 00:00,772.5,144,1.0,1
2024-08-16 00:00,772.5,144,1.0,1
2024-08-17 00:00,772.5,144,1.0,1
2024-08-18 00:00,784.1,144,1.0,1
2024-08-19 00:00,785.1,144,1.0,1
2024-08-20 00:00,798.9,144,1.0,1
2024-08-21 00:00,799.1,144,1.0,1
2024-08-22 00:00,799.1,144,1.0,1
2024-08-23 00:00,799.1,144,1.0,1
2024-08-24 00:00,799.1,144,1.0,1
2024-08-25 00:00,799.1,144,1.0,1
2024-08-26 00:00,799.1,144,1.0,1
2024-08-27 00:00,799.1,144,1.0,1
2024-08-28 00:00,799.1,144,1.0,1
2024-08-29 00:00,799.1,144,1.0,1
2024-08-30 00:00,799.1,144,1.0,1
2024-08-31 00:00,799.1,144,1.0,1
2024-09-01 00:00,799.1,144,1.0,1
2024-09-02 00:00,799.1,144,1.0,1
2024-09-03 00:00,818.7,144,1.0,1
2024-09-04 00:00,818.7,144,1.0,1
2024-09-05 00:00,825.9,144,1.0,1
2024-09-06 00:00,825.9,144,1.0,1
2024-09-07 00:00,826.1,144,1.0,1
2024-09-08 00:00,826.1,114,0.792,1
2024-09-09 00:00,904.0,144,1.0,1
2024-09-10 00:00,904.4,96,0.667,1
2024-09-11 00:00,904.8,144,1.0,1
2024-09-12 00:00,924.4,144,1.0,1
2024-09-13 00:00,930.8,144,1.0,1
2024-09-14 00:00,930.8,144,1.0,1
2024-09-15 00:00,930.8,144,1.0,1
2024-09-16 00:00,930.8,144,1.0,1
2024-09-17 00:00,989.7,144,1.0,1
2024-09-18 00:00,993.9,144,1.0,1
2024-09-19 00:00,1017.9,144,1.0,1
2024-09-20 00:00,1017.9,144,1.0,1
2024-09-21 00:00,1017.9,144,1.0,1
2024-09-22 00:00,1017.9,144,1.0,1
2024-09-23 00:00,1044.7,144,1.0,1
2024-09-24 00:00,1078.5,144,1.0,1
2024-09-25 00:00,1086.8,144,1.0,1
2024-09-26 00:00,1087.0,144,1.0,1
2024-09-27 00:00,1087.0,144,1.0,1
2024-09-28 00:00,1091.6,144,1.0,1
2024-09-29 00:00,1091.6,144,1.0,1
2024-09-30 00:00,1091.6,144,1.0,1
2024-10-01 00:00,1091.6,144,1.0,1
2024-10-02 00:00,1091.6,144,1.0,1
2024-10-03 00:00,1098.4,144,1.0,1
2024-10-04 00:00,1103.8,144,1.0,1
2024-10-05 00:00,1129.0,144,1.0,1
2024-10-06 00:00,1129.2,144,1.0,1
2024-10-07 00:00,1129.2,144,1.0,1
2024-10-08 00:00,1154.8,144,1.0,1
2024-10-09 00:00,1157.8,144,1.0,1
2024-10-10 00:00,1160.4,144,1.0,1
2024-10-11 00:00,1160.4,144,1.0,1
2024-10-12 00:00,1160.4,144,1.0,1
2024-10-13 00:00,1160.4,144,1.0,1
2024-10-14 00:00,1160.8,144,1.0,1
2024-10-15 00:00,1160.8,144,1.0,1
2024-10-16 00:00,1160.8,144,1.0,1
2024-10-17 00:00,1160.8,144,1.0,1
2024-10-18 00:00,1238.6,144,1.0,1
2024-10-19 00:00,1297.3,144,1.0,1
2024-10-20 00:00,1300.9,144,1.0,1
2024-10-21 00:00,1300.9,144,1.0,1
2024-10-22 00:00,1301.3,144,1.0,1
2024-10-23 00:00,1301.3,144,1.0,1
2024-10-24 00:00,1301.5,144,1.0,1
2024-10-25 00:00,1301.5,144,1.0,1
2024-10-26 00:00,1301.5,144,1.0,1
2024-10-27 00:00,1301.7,144,1.0,1
2024-10-28 00:00,1301.7,144,1.0,1
2024-10-29 00:00,1301.7,144,1.0,1
2024-10-30 00:00,1301.7,144,1.0,1
2024-10-31 00:00,1301.7,144,1.0,1
2024-11-01 00:00,1301.7,144,1.0,1
2024-11-02 00:00,1301.7,144,1.0,1
2024-11-03 00:00,1301.7,144,1.0,1
2024-11-04 00:00,1301.7,144,1.0,1
2024-11-05 00:00,1301.7,144,1.0,1
2024-11-06 00:00,1301.7,144,1.0,1
2024-11-07 00:00,1301.7,144,1.0,1
2024-11-08 00:00,1301.7,144,1.0,1
2024-11-09 00:00,1301.7,144,1.0,1
2024-11-10 00:00,1301.7,144,1.0,1
2024-11-11 00:00,1301.7,144,1.0,1
2024-11-12 00:00,1302.3,144,1.0,1
2024-11-13 00:00,1327.5,144,1.0,1
2024-11-14 00:00,1327.7,144,1.0,1
2024-11-15 00:00,1327.7,144,1.0,1
2024-11-16 00:00,1327.7,144,1.0,1
2024-11-17 00:00,1327.7,144,1.0,1
2024-11-18 00:00,1328.1,144,1.0,1
2024-11-19 00:00,1333.7,144,1.0,1
2024-11-20 00:00,1336.8,144,1.0,1
2024-11-21 00:00,1348.4,144,1.0,1
2024-11-22 00:00,1472.6,144,1.0,1
2024-11-23 00:00,1472.6,144,1.0,1
2024-11-24 00:00,1472.6,144,1.0,1
2024-11-25 00:00,1472.6,144,1.0,1
2024-11-26 00:00,1472.6,144,1.0,1
2024-11-27 00:00,1473.6,144,1.0,1
2024-11-28 00:00,1475.2,144,1.0,1
2024-11-29 00:00,1478.4,144,1.0,1
2024-11-30 00:00,1478.6,144,1.0,1
2024-12-01 00:00,1478.6,144,1.0,1
2024-12-02 00:00,1478.6,144,1.0,1
2024-12-03 00:00,1488.4,144,1.0,1
2024-12-04 00:00,1490.2,144,1.0,1
2024-12-05 00:00,1490.6,144,1.0,1
2024-12-06 00:00,1490.6,144,1.0,1
2024-12-07 00:00,1494.2,144,1.0,1
2024-12-08 00:00,1559.0,144,1.0,1
2024-12-09 00:00,1577.7,144,1.0,1
2024-12-10 00:00,1592.3,144,1.0,1
2024-12-11 00:00,1604.9,144,1.0,1
2024-12-12 00:00,1605.1,144,1.0,1
2024-12-13 00:00,1635.8,144,1.0,1
2024-12-14 00:00,1650.9,144,1.0,1
2024-12-15 00:00,1652.5,144,1.0,1
2024-12-16 00:00,1652.5,144,1.0,1
2024-12-17 00:00,1652.5,144,1.0,1
2024-12-18 00:00,1652.5,144,1.0,1
2024-12-19 00:00,1654.5,144,1.0,1
2024-12-20 00:00,1689.9,144,1.0,1
2024-12-21 00:00,1690.5,144,1.0,1
2024-12-22 00:00,1706.5,144,1.0,1
2024-12-23 00:00,1725.8,144,1.0,1
2024-12-24 00:00,1726.6,144,1.0,1
2024-12-25 00:00,1726.6,144,1.0,1
2024-12-26 00:00,1726.6,144,1.0,1
2024-12-27 00:00,1726.6,144,1.0,1
2024-12-28 00:00,1726.6,144,1.0,1
2024-12-29 00:00,1726.6,120,0.833,1
2024-12-30 00:00,1726.6,143,0.993,1
2024-12-31 00:00,1726.6,143,0.993,1
2025-01-01 00:00,0.0,144,1.0,0
2025-01-02 00:00,0.0,144,1.0,0
2025-01-03 00:00,17.4,144,1.0,0
2025-01-04 00:00,32.5,144,1.0,0
2025-01-05 00:00,32.5,144,1.0,0
2025-01-06 00:00,32.5,144,1.0,0
2025-01-07 00:00,45.0,144,1.0,0
2025-01-08 00:00,45.2,144,1.0,0
2025-01-09 00:00,64.2,144,1.0,0
2025-01-10 00:00,64.6,144,1.0,0
2025-01-11 00:00,97.2,144,1.0,0
2025-01-12 00:00,117.6,144,1.0,0
2025-01-13 00:00,117.6,144,1.0,0
2025-01-14 00:00,117.6,144,1.0,0
2025-01-15 00:00,117.6,144,1.0,0
2025-01-16 00:00,117.8,144,1.0,0
2025-01-17 00:00,118.0,144,1.0,0
2025-01-18 00:00,130.4,144,1.0,0
2025-01-19 00:00,130.4,144,1.0,0
2025-01-20 00:00,137.8,144,1.0,0
2025-01-21 00:00,140.8,144,1.0,0
2025-01-22 00:00,141.0,144,1.0,0
2025-01-23 00:00,141.0,144,1.0,0
2025-01-24 00:00,141.0,144,1.0,0
2025-01-25 00:00,141.0,144,1.0,0
2025-01-26 00:00,141.0,144,1.0,0
2025-01-27 00:00,141.0,144,1.0,0
2025-01-28 00:00,156.2,144,1.0,0
2025-01-29 00:00,174.6,144,1.0,0
2025-01-30 00:00,174.6,144,1.0,0
2025-01-31 00:00,174.6,144,1.0,0
2025-02-01 00:00,174.6,144,1.0,0
2025-02-02 00:00,174.8,144,1.0,0
2025-02-03 00:00,177.0,144,1.0,0
2025-02-04 00:00,177.0,144,1.0,0
2025-02-05 00:00,177.0,144,1.0,0
2025-02-06 00:00,177.0,144,1.0,0
2025-02-07 00:00,177.0,144,1.0,0
2025-02-08 00:00,184.6,144,1.0,0
2025-02-09 00:00,184.6,144,1.0,0
2025-02-10 00:00,184.6,144,1.0,0
2025-02-11 00:00,184.8,144,1.0,0
2025-02-12 00:00,184.8,144,1.0,0
2025-02-13 00:00,185.0,144,1.0,0
2025-02-14 00:00,188.4,144,1.0,0
2025-02-15 00:00,197.1,144,1.0,0
2025-02-16 00:00,198.1,144,1.0,0
2025-02-17 00:00,198.1,144,1.0,0
2025-02-18 00:00,198.1,144,1.0,0
2025-02-19 00:00,198.5,144,1.0,0
2025-02-20 00:00,198.5,144,1.0,0
2025-02-21 00:00,198.7,144,1.0,0
2025-02-22 00:00,198.7,144,1.0,0
2025-02-23 00:00,198.7,144,1.0,0
2025-02-24 00:00,199.1,144,1.0,0
2025-02-25 00:00,240.8,144,1.0,0
2025-02-26 00:00,337.6,144,1.0,0
2025-02-27 00:00,338.8,144,1.0,0
2025-02-28 00:00,338.8,144,1.0,0
2025-03-01 00:00,339.8,144,1.0,0
2025-03-02 00:00,339.8,144,1.0,0
2025-03-03 00:00,339.8,144,1.0,0
2025-03-04 00:00,339.8,144,1.0,0
2025-03-05 00:00,339.8,144,1.0,0
2025-03-06 00:00,340.0,144,1.0,0
2025-03-07 00:00,340.2,144,1.0,0
2025-03-08 00:00,340.2,144,1.0,0
2025-03-09 00:00,340.2,144,1.0,0
2025-03-10 00:00,342.2,144,1.0,0
2025-03-11 00:00,349.3,144,1.0,0
2025-03-12 00:00,351.9,144,1.0,0
2025-03-13 00:00,360.1,144,1.0,0
2025-03-14 00:00,369.1,144,1.0,0
2025-03-15 00:00,369.1,144,1.0,0
2025-03-16 00:00,370.7,144,1.0,0
2025-03-17 00:00,372.7,144,1.0,0
2025-03-18 00:00,372.9,144,1.0,0
2025-03-19 00:00,372.9,144,1.0,0
2025-03-20 00:00,372.9,144,1.0,0
2025-03-21 00:00,372.9,144,1.0,0
2025-03-22 00:00,372.9,144,1.0,0
2025-03-23 00:00,377.7,144,1.0,0
2025-03-24 00:00,377.7,144,1.0,0
2025-03-25 00:00,377.7,144,1.0,0
2025-03-26 00:00,379.3,144,1.0,0
2025-03-27 00:00,410.3,144,1.0,0
2025-03-28 00:00,433.6,144,1.0,0
2025-03-29 00:00,451.0,144,1.0,0
2025-03-30 00:00,451.4,144,1.0,0
2025-03-31 00:00,454.8,144,1.0,0
2025-04-01 00:00,455.6,144,1.0,0
2025-04-02 00:00,455.6,144,1.0,0
2025-04-03 00:00,455.6,144,1.0,0
2025-04-04 00:00,455.6,144,1.0,0
2025-04-05 00:00,455.6,144,1.0,0
2025-04-06 00:00,461.2,144,1.0,0
2025-04-07 00:00,461.2,144,1.0,0
2025-04-08 00:00,461.2,144,1.0,0
2025-04-09 00:00,461.2,144,1.0,0
2025-04-10 00:00,461.2,144,1.0,0
2025-04-11 00:00,461.2,144,1.0,0
2025-04-12 00:00,461.2,144,1.0,0
2025-04-13 00:00,461.2,144,1.0,0
2025-04-14 00:00,466.0,144,1.0,0
2025-04-15 00:00,482.2,144,1.0,0
2025-04-16 00:00,483.4,144,1.0,0
2025-04-17 00:00,493.9,144,1.0,0
2025-04-18 00:00,494.5,144,1.0,0
2025-04-19 00:00,494.5,144,1.0,0
2025-04-20 00:00,494.5,144,1.0,0
2025-04-21 00:00,494.5,144,1.0,0
2025-04-22 00:00,494.5,144,1.0,0
2025-04-23 00:00,494.7,144,1.0,0
2025-04-24 00:00,513.6,144,1.0,0
2025-04-25 00:00,513.6,144,1.0,0
2025-04-26 00:00,517.0,144,1.0,0
2025-04-27 00:00,517.0,144,1.0,0
2025-04-28 00:00,517.2,144,1.0,0
2025-04-29 00:00,517.2,144,1.0,0
2025-04-30 00:00,517.2,144,1.0,0
2025-05-01 00:00,517.2,144,1.0,0
2025-05-02 00:00,517.2,144,1.0,0
2025-05-03 00:00,517.2,144,1.0,0
2025-05-04 00:00,517.2,144,1.0,0
2025-05-05 00:00,518.0,144,1.0,0
2025-05-06 00:00,518.0,144,1.0,0
2025-05-07 00:00,518.4,144,1.0,0
2025-05-08 00:00,518.4,144,1.0,0
2025-05-09 00:00,518.4,144,1.0,0
2025-05-10 00:00,518.4,144,1.0,0
2025-05-11 00:00,520.6,144,1.0,0
2025-05-12 00:00,520.6,144,1.0,0
2025-05-13 00:00,526.0,144,1.0,0
2025-05-14 00:00,526.0,144,1.0,0
2025-05-15 00:00,528.8,144,1.0,0
2025-05-16 00:00,528.8,144,1.0,0
2025-05-17 00:00,528.8,144,1.0,0
2025-05-18 00:00,530.8,144,1.0,0
2025-05-19 00:00,530.8,144,1.0,0
2025-05-20 00:00,530.8,144,1.0,0
2025-05-21 00:00,532.4,144,1.0,0
2025-05-22 00:00,532.4,144,1.0,0
2025-05-23 00:00,538.1,144,1.0,0
2025-05-24 00:00,538.1,144,1.0,0
2025-05-25 00:00,538.1,144,1.0,0
2025-05-26 00:00,538.1,144,1.0,0
2025-05-27 00:00,538.1,144,1.0,0
2025-05-28 00:00,538.1,144,1.0,0
2025-05-29 00:00,538.1,144,1.0,0
2025-05-30 00:00,538.1,144,1.0,0
2025-05-31 00:00,538.1,144,1.0,0
2025-06-01 00:00,538.1,144,1.0,0
2025-06-02 00:00,538.1,144,1.0,0
2025-06-03 00:00,538.1,144,1.0,0
2025-06-04 00:00,538.1,144,1.0,0
2025-06-05 00:00,538.1,144,1.0,0
2025-06-06 00:00,538.1,144,1.0,0
2025-06-07 00:00,538.1,144,1.0,0
2025-06-08 00:00,538.1,144,1.0,0
2025-06-09 00:00,538.1,144,1.0,0
2025-06-10 00:00,538.1,144,1.0,0
2025-06-11 00:00,538.1,144,1.0,0
2025-06-12 00:00,538.1,144,1.0,0
2025-06-13 00:00,538.1,144,1.0,0
2025-06-14 00:00,538.1,144,1.0,0
2025-06-15 00:00,538.1,144,1.0,0
2025-06-16 00:00,538.1,144,1.0,0
2025-06-17 00:00,538.1,144,1.0,0
2025-06-18 00:00,545.7,144,1.0,0
2025-06-19 00:00,545.7,144,1.0,0
2025-06-20 00:00,545.7,144,1.0,0
2025-06-21 00:00,545.7,144,1.0,0
2025-06-22 00:00,545.7,144,1.0,0
2025-06-23 00:00,545.7,144,1.0,0
2025-06-24 00:00,545.7,144,1.0,0
2025-06-25 00:00,545.7,144,1.0,0
2025-06-26 00:00,545.7,144,1.0,0
2025-06-27 00:00,545.7,144,1.0,0
2025-06-28 00:00,545.7,144,1.0,0
2025-06-29 00:00,545.7,144,1.0,0
2025-06-30 00:00,545.7,144,1.0,0
2025-07-01 00:00,545.7,144,1.0,0
2025-07-02 00:00,545.7,144,1.0,0
2025-07-03 00:00,545.7,144,1.0,0
2025-07-04 00:00,545.7,144,1.0,0
2025-07-05 00:00,545.7,144,1.0,0
2025-07-06 00:00,545.7,144,1.0,0
2025-07-07 00:00,577.3,144,1.0,0
2025-07-08 00:00,585.3,144,1.0,0
2025-07-09 00:00,585.3,144,1.0,0
2025-07-10 00:00,585.3,144,1.0,0
2025-07-11 00:00,585.3,144,1.0,0
2025-07-12 00:00,585.3,144,1.0,0
2025-07-13 00:00,585.3,144,1.0,0
2025-07-14 00:00,585.3,144,1.0,0
2025-07-15 00:00,585.3,144,1.0,0
2025-07-16 00:00,585.3,144,1.0,0
2025-07-17 00:00,585.3,144,1.0,0
2025-07-18 00:00,585.3,144,1.0,0
2025-07-19 00:00,585.3,144,1.0,0
2025-07-20 00:00,585.3,144,1.0,0
2025-07-21 00:00,585.3,144,1.0,0
2025-07-22 00:00,585.3,144,1.0,0
2025-07-23 00:00,585.3,144,1.0,0
2025-07-24 00:00,585.3,144,1.0,0
2025-07-25 00:00,585.3,144,1.0,0
2025-07-26 00:00,589.8,144,1.0,0
2025-07-27 00:00,591.0,144,1.0,0
2025-07-28 00:00,594.8,144,1.0,0
2025-07-29 00:00,595.4,144,1.0,0
2025-07-30 00:00,595.4,144,1.0,0
2025-07-31 00:00,595.4,144,1.0,0
2025-08-01 00:00,595.4,144,1.0,0
2025-08-02 00:00,595.4,144,1.0,0
2025-08-03 00:00,595.4,144,1.0,0
2025-08-04 00:00,595.4,144,1.0,0
2025-08-05 00:00,595.4,144,1.0,0
2025-08-06 00:00,595.4,144,1.0,0
2025-08-07 00:00,595.4,144,1.0,0
2025-08-08 00:00,595.4,144,1.0,0
2025-08-09 00:00,595.4,144,1.0,0
2025-08-10 00:00,595.4,144,1.0,0
2025-08-11 00:00,595.4,144,1.0,0
2025-08-12 00:00,600.6,144,1.0,0
2025-08-13 00:00,600.6,144,1.0,0
2025-08-14 00:00,600.8,144,1.0,0
2025-08-15 00:00,601.0,144,1.0,0
2025-08-16 00:00,602.6,144,1.0,0
2025-08-17 00:00,602.6,144,1.0,0
2025-08-18 00:00,616.4,144,1.0,0
2025-08-19 00:00,616.4,144,1.0,0
2025-08-20 00:00,616.4,144,1.0,0
2025-08-21 00:00,617.0,144,1.0,0
2025-08-22 00:00,620.1,144,1.0,0
2025-08-23 00:00,628.0,144,1.0,0
2025-08-24 00:00,628.2,144,1.0,0
2025-08-25 00:00,628.2,144,1.0,0
2025-08-26 00:00,628.2,144,1.0,0
2025-08-27 00:00,628.2,144,1.0,0
2025-08-28 00:00,628.2,144,1.0,0
2025-08-29 00:00,650.4,144,1.0,0
2025-08-30 00:00,671.8,144,1.0,0
2025-08-31 00:00,671.8,144,1.0,0
2025-09-01 00:00,671.8,144,1.0,0
2025-09-02 00:00,672.8,144,1.0,0
2025-09-03 00:00,672.8,144,1.0,0
2025-09-04 00:00,672.8,144,1.0,0
2025-09-05 00:00,672.8,144,1.0,0
2025-09-06 00:00,672.8,144,1.0,0
2025-09-07 00:00,672.8,144,1.0,0
2025-09-08 00:00,672.8,144,1.0,0
2025-09-09 00:00,672.8,144,1.0,0
2025-09-10 00:00,684.7,144,1.0,0
2025-09-11 00:00,710.9,144,1.0,0
2025-09-12 00:00,710.9,144,1.0,0
2025-09-13 00:00,710.9,144,1.0,0
2025-09-14 00:00,710.9,144,1.0,0
2025-09-15 00:00,710.9,144,1.0,0
2025-09-16 00:00,710.9,144,1.0,0
2025-09-17 00:00,710.9,144,1.0,0
2025-09-18 00:00,710.9,144,1.0,0
2025-09-19 00:00,710.9,144,1.0,0
2025-09-20 00:00,710.9,144,1.0,0
2025-09-21 00:00,710.9,144,1.0,0
2025-09-22 00:00,710.9,144,1.0,0
2025-09-23 00:00,736.1,144,1.0,0
2025-09-24 00:00,752.5,144,1.0,0
2025-09-25 00:00,752.5,144,1.0,0
2025-09-26 00:00,752.5,144,1.0,0
2025-09-27 00:00,752.5,144,1.0,0
2025-09-28 00:00,752.5,144,1.0,0
2025-09-29 00:00,752.5,144,1.0,0
2025-09-30 00:00,752.5,144,1.0,0
2025-10-01 00:00,762.4,144,1.0,0
2025-10-02 00:00,763.0,144,1.0,0
2025-10-03 00:00,763.0,144,1.0,0
2025-10-04 00:00,763.0,144,1.0,0
2025-10-05 00:00,784.8,144,1.0,0
2025-10-06 00:00,784.8,144,1.0,0
2025-10-07 00:00,784.8,144,1.0,0
2025-10-08 00:00,784.8,144,1.0,0
2025-10-09 00:00,784.8,144,1.0,0
2025-10-10 00:00,784.8,144,1.0,0
2025-10-11 00:00,784.8,144,1.0,0
2025-10-12 00:00,784.8,144,1.0,0
2025-10-13 00:00,784.8,144,1.0,0
2025-10-14 00:00,784.8,144,1.0,0
2025-10-15 00:00,789.2,144,1.0,0
2025-10-16 00:00,806.4,144,1.0,0
2025-10-17 00:00,825.1,144,1.0,0
2025-10-18 00:00,826.7,144,1.0,0
2025-10-19 00:00,826.7,144,1.0,0
2025-10-20 00:00,826.7,144,1.0,0
2025-10-21 00:00,873.0,144,1.0,0
2025-10-22 00:00,879.8,144,1.0,0
2025-10-23 00:00,927.7,144,1.0,0
2025-10-24 00:00,927.9,144,1.0,0
2025-10-25 00:00,940.6,144,1.0,0
2025-10-26 00:00,955.7,144,1.0,0
2025-10-27 00:00,962.3,144,1.0,0
2025-10-28 00:00,963.9,144,1.0,0
2025-10-29 00:00,966.3,144,1.0,0
2025-10-30 00:00,966.3,144,1.0,0
2025-10-31 00:00,967.9,144,1.0,0
2025-11-01 00:00,967.9,144,1.0,0
2025-11-02 00:00,968.7,144,1.0,0
2025-11-03 00:00,985.0,144,1.0,0
2025-11-04 00:00,985.0,144,1.0,0
2025-11-05 00:00,985.0,144,1.0,0
2025-11-06 00:00,985.0,144,1.0,0
2025-11-07 00:00,993.6,144,1.0,0
2025-11-08 00:00,1021.2,144,1.0,0
2025-11-09 00:00,1024.0,144,1.0,0
2025-11-10 00:00,1024.0,144,1.0,0
2025-11-11 00:00,1024.0,144,1.0,0
2025-11-12 00:00,1024.0,144,1.0,0
2025-11-13 00:00,1024.0,144,1.0,0
2025-11-14 00:00,1024.0,144,1.0,0
2025-11-15 00:00,1024.0,144,1.0,0
2025-11-16 00:00,1024.0,144,1.0,0
2025-11-17 00:00,1024.0,144,1.0,0
2025-11-18 00:00,1089.6,144,1.0,0
2025-11-19 00:00,1098.7,144,1.0,0
2025-11-20 00:00,1111.8,144,1.0,0
2025-11-21 00:00,1136.6,144,1.0,0
2025-11-22 00:00,1161.1,144,1.0,0
2025-11-23 00:00,1161.3,144,1.0,0
2025-11-24 00:00,1227.2,144,1.0,0
2025-11-25 00:00,1318.0,144,1.0,0
2025-11-26 00:00,1335.2,144,1.0,0
2025-11-27 00:00,1335.4,144,1.0,0
2025-11-28 00:00,1335.4,144,1.0,0
2025-11-29 00:00,1335.4,144,1.0,0
2025-11-30 00:00,1335.4,144,1.0,0
2025-12-01 00:00,1336.6,144,1.0,0
2025-12-02 00:00,1377.5,144,1.0,0
2025-12-03 00:00,1377.7,144,1.0,0
2025-12-04 00:00,1378.7,144,1.0,0
2025-12-05 00:00,1385.5,144,1.0,0
2025-12-06 00:00,1385.5,144,1.0,0
2025-12-07 00:00,1385.5,144,1.0,0
2025-12-08 00:00,1385.5,144,1.0,0
2025-12-09 00:00,1385.5,144,1.0,0
2025-12-10 00:00,1385.5,144,1.0,0
2025-12-11 00:00,1385.5,144,1.0,0
2025-12-12 00:00,1385.5,144,1.0,0
2025-12-13 00:00,1385.5,144,1.0,0
2025-12-14 00:00,1385.5,144,1.0,0
2025-12-15 00:00,1385.5,144,1.0,0
2025-12-16 00:00,1387.5,144,1.0,0
2025-12-17 00:00,1399.0,144,1.0,0
2025-12-18 00:00,1399.0,144,1.0,0
2025-12-19 00:00,1399.0,144,1.0,0
2025-12-20 00:00,1399.0,144,1.0,0
2025-12-21 00:00,1399.0,144,1.0,0
2025-12-22 00:00,1399.0,144,1.0,0
2025-12-23 00:00,1436.6,144,1.0,0
2025-12-24 00:00,1480.5,144,1.0,0
2025-12-25 00:00,1480.5,144,1.0,0
2025-12-26 00:00,1480.5,144,1.0,0
2025-12-27 00:00,1480.5,144,1.0,0
2025-12-28 00:00,1480.5,144,1.0,0
2025-12-29 00:00,1480.5,144,1.0,0
2025-12-30 00:00,1480.5,144,1.0,0
2025-12-31 00:00,1480.5,143,0.993,0
