series_id,rule,flag,n,first,last
AMF_S1_SM_015,timestamp duplicati rimossi,,8848,,
AMF_S1_SM_015,Transitorio di installazione sensore Aranet (sensore in aria),2.0,25,2023-10-12 11:14,2023-10-12 11:38
AMF_S1_SM_030,timestamp duplicati rimossi,,11731,,
AMF_S1_SM_030,Transitorio di installazione sensore Aranet (sensore in aria),2.0,61,2023-10-12 10:17,2023-10-12 11:35
AMF_S2_SM_015,timestamp duplicati rimossi,,5606,,
AMF_S2_SM_015,Transitorio di installazione sensore Aranet (sensore in aria),2.0,3,2023-10-12 14:17,2023-10-12 14:19
AMF_S2_SM_030,timestamp duplicati rimossi,,12100,,
AMF_S2_SM_030,Transitorio di installazione sensore Aranet (sensore in aria),2.0,3,2023-10-12 14:16,2023-10-12 14:18
AMF_S3_PSI_030,Transitorio di installazione TEROS 21,2.0,6,2023-11-09 12:45,2023-11-09 13:10
AMF_S3_PSI_060,Transitorio di installazione TEROS 21,2.0,4,2023-11-09 12:45,2023-11-09 13:00
AMF_S3_STAGE,"fuori range [0.0, 250.0]",2.0,3,2024-02-09 11:10,2024-05-28 14:38
AMF_S3_STAGE,Intervento/manutenzione sull'idrometro (valori 134-266 cm),2.0,20,2024-05-28 14:00,2024-05-28 15:55
AMF_S4_SM_015,timestamp duplicati rimossi,,8616,,
AMF_S4_SM_015,Transitorio di installazione sensore Aranet (sensore in aria),2.0,117,2024-05-24 09:28,2024-05-24 12:14
AMF_S4_SM_030,timestamp duplicati rimossi,,6042,,
AMF_S4_SM_030,Transitorio di installazione sensore Aranet (sensore in aria),2.0,135,2024-05-24 08:59,2024-05-24 12:11
AMF_S5_SM_015,timestamp duplicati rimossi,,4348,,
AMF_S5_SM_015,Transitorio di installazione sensore Aranet (sensore in aria),2.0,61,2025-02-21 14:06,2025-02-21 15:06
AMF_S5_SM_030,timestamp duplicati rimossi,,4562,,
AMF_S5_SM_030,Transitorio di installazione sensore Aranet (sensore in aria),2.0,67,2025-02-21 13:55,2025-02-21 15:01
AMF_S5_SM_045,timestamp duplicati rimossi,,4397,,
AMF_S5_SM_045,Transitorio di installazione sensore Aranet (sensore in aria),2.0,41,2025-02-21 14:07,2025-02-21 14:47
AMF_S5_SM_060,timestamp duplicati rimossi,,4280,,
AMF_S5_SM_060,Transitorio di installazione sensore Aranet (sensore in aria),2.0,21,2025-02-21 14:05,2025-02-21 14:25
